id,complaint_text,language,category,subcategory,sentiment,severity,public_impact,safety_risk,service_disruption,duration,priority,priority_score
SYN-0001,"Main high-pressure water supply pipeline burst near Thatipur Main Crossing, thousands of liters of clean drinking water flooding streets and basements.",en,Water Supply,Pipeline Rupture,very_negative,4.2,4.7,2.8,2.8,2 hours,CRITICAL,85
SYN-0002,"Main high-pressure water supply pipeline burst near Sector 14 Market Chowk, thousands of liters of clean drinking water flooding streets and basements.",en,Water Supply,Pipeline Rupture,very_negative,4.2,4.3,2.8,2.6,4 days,CRITICAL,85
SYN-0003,"Main high-pressure water supply pipeline burst near Lashkar Outer Ring Road, thousands of liters of clean drinking water flooding streets and basements.",en,Water Supply,Pipeline Rupture,very_negative,4.2,3.2,2.8,3.1,2 hours,CRITICAL,85
SYN-0004,"Main high-pressure water supply pipeline burst near Gandhi Nagar Block B, thousands of liters of clean drinking water flooding streets and basements.",en,Water Supply,Pipeline Rupture,very_negative,4.2,4.6,2.8,4.4,6 hours,CRITICAL,85
SYN-0005,"Main high-pressure water supply pipeline burst near Subhash Nagar Park Road, thousands of liters of clean drinking water flooding streets and basements.",en,Water Supply,Pipeline Rupture,very_negative,4.2,4.8,2.8,3.1,2 hours,CRITICAL,85
SYN-0006,"Main high-pressure water supply pipeline burst near Maharaj Bada, thousands of liters of clean drinking water flooding streets and basements.",en,Water Supply,Pipeline Rupture,very_negative,4.2,4.7,2.8,3.8,1 week,CRITICAL,85
SYN-0007,"Main high-pressure water supply pipeline burst near Sadar Bazaar Main Gali, thousands of liters of clean drinking water flooding streets and basements.",en,Water Supply,Pipeline Rupture,very_negative,4.2,4.4,2.8,4.3,6 hours,CRITICAL,85
SYN-0008,Contaminated brownish dirty water with foul sewer smell coming through municipal taps in Lashkar Outer Ring Road for 6 hours. Multiple families falling sick.,en,Water Supply,Contaminated Water,very_negative,4.0,4.0,3.2,2.8,6 hours,CRITICAL,80
SYN-0009,Contaminated brownish dirty water with foul sewer smell coming through municipal taps in Sector 14 Market Chowk for 2 hours. Multiple families falling sick.,en,Water Supply,Contaminated Water,very_negative,4.0,4.2,3.2,2.8,2 hours,CRITICAL,80
SYN-0010,Contaminated brownish dirty water with foul sewer smell coming through municipal taps in Morar Colony for 24 hours. Multiple families falling sick.,en,Water Supply,Contaminated Water,very_negative,4.0,4.1,3.2,4.4,24 hours,CRITICAL,80
SYN-0011,Contaminated brownish dirty water with foul sewer smell coming through municipal taps in Patel Nagar Bus Stand for 24 hours. Multiple families falling sick.,en,Water Supply,Contaminated Water,very_negative,4.0,3.1,3.2,4.0,24 hours,CRITICAL,80
SYN-0012,Contaminated brownish dirty water with foul sewer smell coming through municipal taps in Govindpuri Lane 4 for 4 days. Multiple families falling sick.,en,Water Supply,Contaminated Water,very_negative,4.0,3.4,3.2,3.7,4 days,CRITICAL,80
SYN-0013,Contaminated brownish dirty water with foul sewer smell coming through municipal taps in Hazira Circle for 2 hours. Multiple families falling sick.,en,Water Supply,Contaminated Water,very_negative,4.0,4.8,3.2,3.4,2 hours,CRITICAL,80
SYN-0014,Contaminated brownish dirty water with foul sewer smell coming through municipal taps in Maharaj Bada for 2 weeks. Multiple families falling sick.,en,Water Supply,Contaminated Water,very_negative,4.0,4.2,3.2,4.3,2 weeks,CRITICAL,80
SYN-0015,Complete water supply shutdown in City Center Phase 2 for 6 hours. Residents have zero drinking water and private tankers charging exorbitant rates.,en,Water Supply,No Supply / Low Pressure,very_negative,3.0,4.2,1.5,3.4,6 hours,HIGH,60
SYN-0016,Complete water supply shutdown in Maharaj Bada for 2 days. Residents have zero drinking water and private tankers charging exorbitant rates.,en,Water Supply,No Supply / Low Pressure,very_negative,3.0,4.2,1.5,3.0,2 days,HIGH,55
SYN-0017,Complete water supply shutdown in Railway Station Road for 24 hours. Residents have zero drinking water and private tankers charging exorbitant rates.,en,Water Supply,No Supply / Low Pressure,very_negative,3.0,3.6,1.5,3.4,24 hours,HIGH,58
SYN-0018,Complete water supply shutdown in Gandhi Nagar Block B for 1 week. Residents have zero drinking water and private tankers charging exorbitant rates.,en,Water Supply,No Supply / Low Pressure,very_negative,3.0,3.2,1.5,4.4,1 week,HIGH,55
SYN-0019,Complete water supply shutdown in VIP Road near Airport for 1 week. Residents have zero drinking water and private tankers charging exorbitant rates.,en,Water Supply,No Supply / Low Pressure,very_negative,3.0,4.7,1.5,3.2,1 week,HIGH,59
SYN-0020,Complete water supply shutdown in Fort View Enclave for 6 hours. Residents have zero drinking water and private tankers charging exorbitant rates.,en,Water Supply,No Supply / Low Pressure,very_negative,3.0,4.2,1.5,3.4,6 hours,HIGH,57
SYN-0021,Complete water supply shutdown in Patel Nagar Bus Stand for 1 week. Residents have zero drinking water and private tankers charging exorbitant rates.,en,Water Supply,No Supply / Low Pressure,very_negative,3.0,4.8,1.5,3.2,1 week,HIGH,55
SYN-0022,Municipal drinking water tanker failed to arrive in Govindpuri Lane 4 despite scheduled slot during peak summer heat.,en,Water Supply,Tanker Issue,negative,2.2,2.0,1.0,3.1,2 hours,MEDIUM,44
SYN-0023,Municipal drinking water tanker failed to arrive in Railway Station Road despite scheduled slot during peak summer heat.,en,Water Supply,Tanker Issue,negative,2.2,2.2,1.0,4.0,1 week,MEDIUM,42
SYN-0024,Municipal drinking water tanker failed to arrive in Gandhi Nagar Block B despite scheduled slot during peak summer heat.,en,Water Supply,Tanker Issue,negative,2.2,1.4,1.0,3.2,6 hours,MEDIUM,43
SYN-0025,Municipal drinking water tanker failed to arrive in Anand Nagar despite scheduled slot during peak summer heat.,en,Water Supply,Tanker Issue,negative,2.2,2.7,1.0,3.3,1 week,MEDIUM,41
SYN-0026,Municipal drinking water tanker failed to arrive in Kampoo Road despite scheduled slot during peak summer heat.,en,Water Supply,Tanker Issue,negative,2.2,2.4,1.0,4.3,1 week,MEDIUM,41
SYN-0027,Municipal drinking water tanker failed to arrive in City Center Phase 2 despite scheduled slot during peak summer heat.,en,Water Supply,Tanker Issue,negative,2.2,1.7,1.0,2.9,2 days,MEDIUM,43
SYN-0028,Municipal drinking water tanker failed to arrive in Hazira Circle despite scheduled slot during peak summer heat.,en,Water Supply,Tanker Issue,negative,2.2,1.2,1.0,2.6,4 days,MEDIUM,42
SYN-0029,Snaped 11kV live electric wire hanging dangerously across pedestrian footpath outside school gate in Thatipur Main Crossing. Sparking in puddle.,en,Electricity,Live Wire / Sparking,very_negative,4.8,4.5,4.8,4.2,4 days,CRITICAL,95
SYN-0030,Snaped 11kV live electric wire hanging dangerously across pedestrian footpath outside school gate in Hazira Circle. Sparking in puddle.,en,Electricity,Live Wire / Sparking,very_negative,4.8,4.8,4.8,2.5,24 hours,CRITICAL,95
SYN-0031,Snaped 11kV live electric wire hanging dangerously across pedestrian footpath outside school gate in Morar Colony. Sparking in puddle.,en,Electricity,Live Wire / Sparking,very_negative,4.8,3.4,4.8,4.2,1 week,CRITICAL,95
SYN-0032,Snaped 11kV live electric wire hanging dangerously across pedestrian footpath outside school gate in Patel Nagar Bus Stand. Sparking in puddle.,en,Electricity,Live Wire / Sparking,very_negative,4.8,3.9,4.8,3.5,2 weeks,CRITICAL,95
SYN-0033,Snaped 11kV live electric wire hanging dangerously across pedestrian footpath outside school gate in Maharaj Bada. Sparking in puddle.,en,Electricity,Live Wire / Sparking,very_negative,4.8,3.9,4.8,3.9,2 hours,CRITICAL,95
SYN-0034,Snaped 11kV live electric wire hanging dangerously across pedestrian footpath outside school gate in City Center Phase 2. Sparking in puddle.,en,Electricity,Live Wire / Sparking,very_negative,4.8,4.5,4.8,2.5,6 hours,CRITICAL,95
SYN-0035,Snaped 11kV live electric wire hanging dangerously across pedestrian footpath outside school gate in Civil Hospital Outer Gate. Sparking in puddle.,en,Electricity,Live Wire / Sparking,very_negative,4.8,3.8,4.8,4.1,1 week,CRITICAL,95
SYN-0036,"Distribution transformer exploded with loud blast and caught fire near residential building in Morar Colony, black smoke billowing.",en,Electricity,Transformer Failure,very_negative,4.6,3.5,4.5,4.2,2 weeks,CRITICAL,92
SYN-0037,"Distribution transformer exploded with loud blast and caught fire near residential building in Subhash Nagar Park Road, black smoke billowing.",en,Electricity,Transformer Failure,very_negative,4.6,4.7,4.5,2.5,2 weeks,CRITICAL,92
SYN-0038,"Distribution transformer exploded with loud blast and caught fire near residential building in Thatipur Main Crossing, black smoke billowing.",en,Electricity,Transformer Failure,very_negative,4.6,4.0,4.5,4.0,4 days,CRITICAL,92
SYN-0039,"Distribution transformer exploded with loud blast and caught fire near residential building in VIP Road near Airport, black smoke billowing.",en,Electricity,Transformer Failure,very_negative,4.6,3.4,4.5,3.6,2 hours,CRITICAL,92
SYN-0040,"Distribution transformer exploded with loud blast and caught fire near residential building in City Center Phase 2, black smoke billowing.",en,Electricity,Transformer Failure,very_negative,4.6,4.0,4.5,3.2,2 weeks,CRITICAL,92
SYN-0041,"Distribution transformer exploded with loud blast and caught fire near residential building in Maharaj Bada, black smoke billowing.",en,Electricity,Transformer Failure,very_negative,4.6,3.8,4.5,4.3,2 hours,CRITICAL,92
SYN-0042,"Distribution transformer exploded with loud blast and caught fire near residential building in Kampoo Road, black smoke billowing.",en,Electricity,Transformer Failure,very_negative,4.6,3.2,4.5,4.0,2 hours,CRITICAL,92
SYN-0043,"Continuous power outage for 24 hours in Maharaj Bada. Inverters dead, senior citizens and patients facing severe distress.",en,Electricity,Power Outage / Blackout,very_negative,3.2,4.3,1.8,3.1,24 hours,HIGH,61
SYN-0044,"Continuous power outage for 4 days in Fort View Enclave. Inverters dead, senior citizens and patients facing severe distress.",en,Electricity,Power Outage / Blackout,very_negative,3.2,3.6,1.8,3.5,4 days,HIGH,60
SYN-0045,"Continuous power outage for 2 days in Hazira Circle. Inverters dead, senior citizens and patients facing severe distress.",en,Electricity,Power Outage / Blackout,very_negative,3.2,4.2,1.8,3.9,2 days,HIGH,60
SYN-0046,"Continuous power outage for 4 days in Anand Nagar. Inverters dead, senior citizens and patients facing severe distress.",en,Electricity,Power Outage / Blackout,very_negative,3.2,3.4,1.8,3.2,4 days,HIGH,62
SYN-0047,"Continuous power outage for 6 hours in Industrial Area Sector 3. Inverters dead, senior citizens and patients facing severe distress.",en,Electricity,Power Outage / Blackout,very_negative,3.2,4.0,1.8,2.5,6 hours,HIGH,65
SYN-0048,"Continuous power outage for 4 days in Lashkar Outer Ring Road. Inverters dead, senior citizens and patients facing severe distress.",en,Electricity,Power Outage / Blackout,very_negative,3.2,3.7,1.8,4.3,4 days,HIGH,61
SYN-0049,"Continuous power outage for 6 hours in Kampoo Road. Inverters dead, senior citizens and patients facing severe distress.",en,Electricity,Power Outage / Blackout,very_negative,3.2,3.2,1.8,4.5,6 hours,HIGH,65
SYN-0050,Severe voltage fluctuations between 120V and 310V in Railway Station Road burning home appliances and tube lights.,en,Electricity,Voltage Fluctuation,negative,2.8,2.5,2.0,3.1,6 hours,MEDIUM,53
SYN-0051,Severe voltage fluctuations between 120V and 310V in Gandhi Nagar Block B burning home appliances and tube lights.,en,Electricity,Voltage Fluctuation,negative,2.8,2.5,2.0,3.2,4 days,MEDIUM,54
SYN-0052,Severe voltage fluctuations between 120V and 310V in Maharaj Bada burning home appliances and tube lights.,en,Electricity,Voltage Fluctuation,negative,2.8,2.3,2.0,3.1,2 weeks,MEDIUM,52
SYN-0053,Severe voltage fluctuations between 120V and 310V in Kampoo Road burning home appliances and tube lights.,en,Electricity,Voltage Fluctuation,negative,2.8,2.4,2.0,3.6,2 hours,MEDIUM,55
SYN-0054,Severe voltage fluctuations between 120V and 310V in Govindpuri Lane 4 burning home appliances and tube lights.,en,Electricity,Voltage Fluctuation,negative,2.8,2.5,2.0,2.6,2 days,MEDIUM,52
SYN-0055,Severe voltage fluctuations between 120V and 310V in Subhash Nagar Park Road burning home appliances and tube lights.,en,Electricity,Voltage Fluctuation,negative,2.8,1.3,2.0,2.6,1 week,MEDIUM,50
SYN-0056,Severe voltage fluctuations between 120V and 310V in Lashkar Outer Ring Road burning home appliances and tube lights.,en,Electricity,Voltage Fluctuation,negative,2.8,2.0,2.0,2.8,2 days,MEDIUM,50
SYN-0057,Road has caved in creating a 5-foot deep crater on main corridor in Gandhi Nagar Block B. Two-wheelers falling and multiple riders injured.,en,Roads,Collapsed Road / Crater,very_negative,4.4,4.5,4.2,0.8,24 hours,CRITICAL,88
SYN-0058,Road has caved in creating a 5-foot deep crater on main corridor in City Center Phase 2. Two-wheelers falling and multiple riders injured.,en,Roads,Collapsed Road / Crater,very_negative,4.4,3.2,4.2,1.2,2 weeks,CRITICAL,88
SYN-0059,Road has caved in creating a 5-foot deep crater on main corridor in Anand Nagar. Two-wheelers falling and multiple riders injured.,en,Roads,Collapsed Road / Crater,very_negative,4.4,4.8,4.2,0.7,2 weeks,CRITICAL,88
SYN-0060,Road has caved in creating a 5-foot deep crater on main corridor in Civil Hospital Outer Gate. Two-wheelers falling and multiple riders injured.,en,Roads,Collapsed Road / Crater,very_negative,4.4,4.7,4.2,1.8,2 hours,CRITICAL,88
SYN-0061,Road has caved in creating a 5-foot deep crater on main corridor in Hazira Circle. Two-wheelers falling and multiple riders injured.,en,Roads,Collapsed Road / Crater,very_negative,4.4,3.2,4.2,1.9,2 hours,CRITICAL,88
SYN-0062,Road has caved in creating a 5-foot deep crater on main corridor in Fort View Enclave. Two-wheelers falling and multiple riders injured.,en,Roads,Collapsed Road / Crater,very_negative,4.4,3.8,4.2,0.8,2 weeks,CRITICAL,88
SYN-0063,Road has caved in creating a 5-foot deep crater on main corridor in Maharaj Bada. Two-wheelers falling and multiple riders injured.,en,Roads,Collapsed Road / Crater,very_negative,4.4,4.5,4.2,1.2,2 days,CRITICAL,88
SYN-0064,Cluster of 8 deep jagged potholes near blind turn on City Center Phase 2. Constant skidding and bumper damage to cars.,en,Roads,Dangerous Pothole,very_negative,3.5,3.9,2.5,1.1,24 hours,HIGH,67
SYN-0065,Cluster of 8 deep jagged potholes near blind turn on Ward 12 Primary School Road. Constant skidding and bumper damage to cars.,en,Roads,Dangerous Pothole,very_negative,3.5,4.8,2.5,1.6,1 week,HIGH,65
SYN-0066,Cluster of 8 deep jagged potholes near blind turn on Railway Station Road. Constant skidding and bumper damage to cars.,en,Roads,Dangerous Pothole,very_negative,3.5,3.5,2.5,0.8,1 week,HIGH,67
SYN-0067,Cluster of 8 deep jagged potholes near blind turn on Morar Colony. Constant skidding and bumper damage to cars.,en,Roads,Dangerous Pothole,very_negative,3.5,3.1,2.5,1.4,24 hours,HIGH,69
SYN-0068,Cluster of 8 deep jagged potholes near blind turn on Anand Nagar. Constant skidding and bumper damage to cars.,en,Roads,Dangerous Pothole,very_negative,3.5,3.1,2.5,1.6,1 week,HIGH,66
SYN-0069,Cluster of 8 deep jagged potholes near blind turn on Sector 14 Market Chowk. Constant skidding and bumper damage to cars.,en,Roads,Dangerous Pothole,very_negative,3.5,3.1,2.5,1.4,24 hours,HIGH,70
SYN-0070,Cluster of 8 deep jagged potholes near blind turn on Kampoo Road. Constant skidding and bumper damage to cars.,en,Roads,Dangerous Pothole,very_negative,3.5,4.7,2.5,0.8,2 days,HIGH,66
SYN-0071,"Concrete road divider broken and dislodged in Railway Station Road, vehicles taking illegal dangerous head-on U-turns.",en,Roads,Broken Divider,negative,2.8,2.2,2.0,0.7,1 week,MEDIUM,54
SYN-0072,"Concrete road divider broken and dislodged in Subhash Nagar Park Road, vehicles taking illegal dangerous head-on U-turns.",en,Roads,Broken Divider,negative,2.8,1.1,2.0,1.4,4 days,MEDIUM,54
SYN-0073,"Concrete road divider broken and dislodged in Maharaj Bada, vehicles taking illegal dangerous head-on U-turns.",en,Roads,Broken Divider,negative,2.8,2.6,2.0,1.0,2 hours,MEDIUM,52
SYN-0074,"Concrete road divider broken and dislodged in Morar Colony, vehicles taking illegal dangerous head-on U-turns.",en,Roads,Broken Divider,negative,2.8,2.0,2.0,0.8,24 hours,MEDIUM,54
SYN-0075,"Concrete road divider broken and dislodged in Fort View Enclave, vehicles taking illegal dangerous head-on U-turns.",en,Roads,Broken Divider,negative,2.8,1.4,2.0,1.6,24 hours,MEDIUM,52
SYN-0076,"Concrete road divider broken and dislodged in VIP Road near Airport, vehicles taking illegal dangerous head-on U-turns.",en,Roads,Broken Divider,negative,2.8,2.5,2.0,1.0,1 week,MEDIUM,53
SYN-0077,"Concrete road divider broken and dislodged in Kampoo Road, vehicles taking illegal dangerous head-on U-turns.",en,Roads,Broken Divider,negative,2.8,1.0,2.0,1.2,2 weeks,MEDIUM,55
SYN-0078,Contractor left 40-meter uncovered trench with loose gravel across road in Kampoo Road with zero signage.,en,Roads,Open Trench / Debris,negative,3.0,1.2,2.2,1.9,6 hours,MEDIUM,58
SYN-0079,Contractor left 40-meter uncovered trench with loose gravel across road in Anand Nagar with zero signage.,en,Roads,Open Trench / Debris,negative,3.0,1.9,2.2,0.8,6 hours,MEDIUM,58
SYN-0080,Contractor left 40-meter uncovered trench with loose gravel across road in Thatipur Main Crossing with zero signage.,en,Roads,Open Trench / Debris,negative,3.0,1.9,2.2,1.4,2 days,MEDIUM,56
SYN-0081,Contractor left 40-meter uncovered trench with loose gravel across road in Maharaj Bada with zero signage.,en,Roads,Open Trench / Debris,negative,3.0,2.6,2.2,0.5,2 weeks,MEDIUM,55
SYN-0082,Contractor left 40-meter uncovered trench with loose gravel across road in City Center Phase 2 with zero signage.,en,Roads,Open Trench / Debris,negative,3.0,1.9,2.2,1.9,1 week,MEDIUM,56
SYN-0083,Contractor left 40-meter uncovered trench with loose gravel across road in Lashkar Outer Ring Road with zero signage.,en,Roads,Open Trench / Debris,negative,3.0,1.4,2.2,0.9,1 week,MEDIUM,60
SYN-0084,Contractor left 40-meter uncovered trench with loose gravel across road in Hazira Circle with zero signage.,en,Roads,Open Trench / Debris,negative,3.0,2.8,2.2,0.7,2 hours,MEDIUM,60
SYN-0085,Open uncovered sewer manhole right in the middle of pedestrian walking path near market in Lashkar Outer Ring Road. Fatal falling risk at night.,en,Sanitation,Open Manhole,very_negative,4.6,3.8,4.5,4.1,2 weeks,CRITICAL,92
SYN-0086,Open uncovered sewer manhole right in the middle of pedestrian walking path near market in VIP Road near Airport. Fatal falling risk at night.,en,Sanitation,Open Manhole,very_negative,4.6,3.8,4.5,2.6,2 days,CRITICAL,92
SYN-0087,Open uncovered sewer manhole right in the middle of pedestrian walking path near market in City Center Phase 2. Fatal falling risk at night.,en,Sanitation,Open Manhole,very_negative,4.6,4.3,4.5,3.4,2 hours,CRITICAL,92
SYN-0088,Open uncovered sewer manhole right in the middle of pedestrian walking path near market in Govindpuri Lane 4. Fatal falling risk at night.,en,Sanitation,Open Manhole,very_negative,4.6,3.0,4.5,3.5,2 hours,CRITICAL,92
SYN-0089,Open uncovered sewer manhole right in the middle of pedestrian walking path near market in Fort View Enclave. Fatal falling risk at night.,en,Sanitation,Open Manhole,very_negative,4.6,3.4,4.5,4.5,2 weeks,CRITICAL,92
SYN-0090,Open uncovered sewer manhole right in the middle of pedestrian walking path near market in Subhash Nagar Park Road. Fatal falling risk at night.,en,Sanitation,Open Manhole,very_negative,4.6,3.5,4.5,3.9,24 hours,CRITICAL,92
SYN-0091,Open uncovered sewer manhole right in the middle of pedestrian walking path near market in Civil Hospital Outer Gate. Fatal falling risk at night.,en,Sanitation,Open Manhole,very_negative,4.6,4.3,4.5,4.2,4 days,CRITICAL,92
SYN-0092,Blocked underground sewer line overflowing filthy black sewage on colony street in Sector 14 Market Chowk for 4 days. Foul smell everywhere.,en,Sanitation,Sewage Overflow,very_negative,3.8,3.5,3.0,3.9,4 days,HIGH,71
SYN-0093,Blocked underground sewer line overflowing filthy black sewage on colony street in Thatipur Main Crossing for 6 hours. Foul smell everywhere.,en,Sanitation,Sewage Overflow,very_negative,3.8,4.0,3.0,3.6,6 hours,HIGH,75
SYN-0094,Blocked underground sewer line overflowing filthy black sewage on colony street in Maharaj Bada for 2 weeks. Foul smell everywhere.,en,Sanitation,Sewage Overflow,very_negative,3.8,4.1,3.0,3.1,2 weeks,HIGH,75
SYN-0095,Blocked underground sewer line overflowing filthy black sewage on colony street in Hazira Circle for 1 week. Foul smell everywhere.,en,Sanitation,Sewage Overflow,very_negative,3.8,3.3,3.0,3.6,1 week,HIGH,74
SYN-0096,Blocked underground sewer line overflowing filthy black sewage on colony street in Railway Station Road for 2 weeks. Foul smell everywhere.,en,Sanitation,Sewage Overflow,very_negative,3.8,4.3,3.0,4.5,2 weeks,HIGH,71
SYN-0097,Blocked underground sewer line overflowing filthy black sewage on colony street in Patel Nagar Bus Stand for 1 week. Foul smell everywhere.,en,Sanitation,Sewage Overflow,very_negative,3.8,3.8,3.0,3.0,1 week,HIGH,74
SYN-0098,Blocked underground sewer line overflowing filthy black sewage on colony street in Morar Colony for 2 weeks. Foul smell everywhere.,en,Sanitation,Sewage Overflow,very_negative,3.8,4.3,3.0,2.5,2 weeks,HIGH,74
SYN-0099,"Public toilet complex in Morar Colony has choked flush, non-functional taps, and feces piled up with no maintenance.",en,Sanitation,Public Toilet Hygiene,negative,2.5,2.2,1.5,2.6,1 week,MEDIUM,50
SYN-0100,"Public toilet complex in Govindpuri Lane 4 has choked flush, non-functional taps, and feces piled up with no maintenance.",en,Sanitation,Public Toilet Hygiene,negative,2.5,1.7,1.5,3.1,2 weeks,MEDIUM,47
SYN-0101,"Public toilet complex in Patel Nagar Bus Stand has choked flush, non-functional taps, and feces piled up with no maintenance.",en,Sanitation,Public Toilet Hygiene,negative,2.5,2.1,1.5,3.5,2 weeks,MEDIUM,47
SYN-0102,"Public toilet complex in Gandhi Nagar Block B has choked flush, non-functional taps, and feces piled up with no maintenance.",en,Sanitation,Public Toilet Hygiene,negative,2.5,1.7,1.5,2.5,2 weeks,MEDIUM,49
SYN-0103,"Public toilet complex in Lashkar Outer Ring Road has choked flush, non-functional taps, and feces piled up with no maintenance.",en,Sanitation,Public Toilet Hygiene,negative,2.5,2.2,1.5,3.5,1 week,MEDIUM,49
SYN-0104,"Public toilet complex in Maharaj Bada has choked flush, non-functional taps, and feces piled up with no maintenance.",en,Sanitation,Public Toilet Hygiene,negative,2.5,1.9,1.5,3.6,24 hours,MEDIUM,50
SYN-0105,"Public toilet complex in Ward 12 Primary School Road has choked flush, non-functional taps, and feces piled up with no maintenance.",en,Sanitation,Public Toilet Hygiene,negative,2.5,2.2,1.5,4.2,1 week,MEDIUM,46
SYN-0106,"Massive municipal garbage dump in Govindpuri Lane 4 not cleared for 2 hours. Rotten waste spilled across road, stray dogs scavenging.",en,Garbage/Waste,Overflowing Dumpster,negative,3.0,2.4,1.8,3.6,2 hours,MEDIUM,60
SYN-0107,"Massive municipal garbage dump in Sector 14 Market Chowk not cleared for 1 week. Rotten waste spilled across road, stray dogs scavenging.",en,Garbage/Waste,Overflowing Dumpster,negative,3.0,2.4,1.8,4.4,1 week,MEDIUM,58
SYN-0108,"Massive municipal garbage dump in Thatipur Main Crossing not cleared for 4 days. Rotten waste spilled across road, stray dogs scavenging.",en,Garbage/Waste,Overflowing Dumpster,negative,3.0,2.2,1.8,4.3,4 days,MEDIUM,60
SYN-0109,"Massive municipal garbage dump in Lashkar Outer Ring Road not cleared for 6 hours. Rotten waste spilled across road, stray dogs scavenging.",en,Garbage/Waste,Overflowing Dumpster,negative,3.0,1.1,1.8,3.9,6 hours,MEDIUM,58
SYN-0110,"Massive municipal garbage dump in Morar Colony not cleared for 2 hours. Rotten waste spilled across road, stray dogs scavenging.",en,Garbage/Waste,Overflowing Dumpster,negative,3.0,2.7,1.8,3.1,2 hours,MEDIUM,56
SYN-0111,"Massive municipal garbage dump in VIP Road near Airport not cleared for 24 hours. Rotten waste spilled across road, stray dogs scavenging.",en,Garbage/Waste,Overflowing Dumpster,negative,3.0,1.2,1.8,3.5,24 hours,MEDIUM,57
SYN-0112,"Massive municipal garbage dump in Hazira Circle not cleared for 4 days. Rotten waste spilled across road, stray dogs scavenging.",en,Garbage/Waste,Overflowing Dumpster,negative,3.0,1.4,1.8,3.5,4 days,MEDIUM,58
SYN-0113,"Dead stray cow/pig decomposing on roadside in Subhash Nagar Park Road for 2 days, causing unbearable stench and severe infection hazard.",en,Garbage/Waste,Dead Animal Removal,very_negative,4.0,3.6,3.2,3.8,4 days,HIGH,79
SYN-0114,"Dead stray cow/pig decomposing on roadside in VIP Road near Airport for 2 days, causing unbearable stench and severe infection hazard.",en,Garbage/Waste,Dead Animal Removal,very_negative,4.0,3.5,3.2,4.5,1 week,HIGH,77
SYN-0115,"Dead stray cow/pig decomposing on roadside in Patel Nagar Bus Stand for 2 days, causing unbearable stench and severe infection hazard.",en,Garbage/Waste,Dead Animal Removal,very_negative,4.0,4.2,3.2,4.2,4 days,HIGH,78
SYN-0116,"Dead stray cow/pig decomposing on roadside in Govindpuri Lane 4 for 2 days, causing unbearable stench and severe infection hazard.",en,Garbage/Waste,Dead Animal Removal,very_negative,4.0,4.0,3.2,3.4,2 weeks,HIGH,80
SYN-0117,"Dead stray cow/pig decomposing on roadside in Ward 12 Primary School Road for 2 days, causing unbearable stench and severe infection hazard.",en,Garbage/Waste,Dead Animal Removal,very_negative,4.0,4.0,3.2,4.0,6 hours,HIGH,77
SYN-0118,"Dead stray cow/pig decomposing on roadside in Sadar Bazaar Main Gali for 2 days, causing unbearable stench and severe infection hazard.",en,Garbage/Waste,Dead Animal Removal,very_negative,4.0,3.6,3.2,4.1,2 days,HIGH,77
SYN-0119,"Dead stray cow/pig decomposing on roadside in Hazira Circle for 2 days, causing unbearable stench and severe infection hazard.",en,Garbage/Waste,Dead Animal Removal,very_negative,4.0,3.5,3.2,2.8,2 days,HIGH,75
SYN-0120,Construction rubble and plastic waste dumped illegally on community green belt in VIP Road near Airport.,en,Garbage/Waste,Littering / Debris,negative,2.0,1.4,1.0,2.5,6 hours,LOW,39
SYN-0121,Construction rubble and plastic waste dumped illegally on community green belt in Subhash Nagar Park Road.,en,Garbage/Waste,Littering / Debris,negative,2.0,2.5,1.0,4.5,2 hours,LOW,39
SYN-0122,Construction rubble and plastic waste dumped illegally on community green belt in Govindpuri Lane 4.,en,Garbage/Waste,Littering / Debris,negative,2.0,2.5,1.0,3.8,2 weeks,LOW,40
SYN-0123,Construction rubble and plastic waste dumped illegally on community green belt in Maharaj Bada.,en,Garbage/Waste,Littering / Debris,negative,2.0,1.6,1.0,3.7,1 week,LOW,36
SYN-0124,Construction rubble and plastic waste dumped illegally on community green belt in Gandhi Nagar Block B.,en,Garbage/Waste,Littering / Debris,negative,2.0,1.8,1.0,3.0,2 days,LOW,37
SYN-0125,Construction rubble and plastic waste dumped illegally on community green belt in Fort View Enclave.,en,Garbage/Waste,Littering / Debris,negative,2.0,1.0,1.0,2.8,1 week,LOW,35
SYN-0126,Construction rubble and plastic waste dumped illegally on community green belt in Hazira Circle.,en,Garbage/Waste,Littering / Debris,negative,2.0,1.7,1.0,3.0,2 weeks,LOW,37
SYN-0127,"Entire 800-meter stretch of streetlights dark in Subhash Nagar Park Road for 2 weeks. Pitch dark at night, woman safety and theft concern.",en,Streetlights,Broken Bulb / Dark Street,negative,3.2,2.6,2.2,1.4,2 weeks,MEDIUM,62
SYN-0128,"Entire 800-meter stretch of streetlights dark in Civil Hospital Outer Gate for 4 days. Pitch dark at night, woman safety and theft concern.",en,Streetlights,Broken Bulb / Dark Street,negative,3.2,2.4,2.2,1.4,4 days,MEDIUM,63
SYN-0129,"Entire 800-meter stretch of streetlights dark in Railway Station Road for 2 weeks. Pitch dark at night, woman safety and theft concern.",en,Streetlights,Broken Bulb / Dark Street,negative,3.2,2.6,2.2,1.1,2 weeks,MEDIUM,60
SYN-0130,"Entire 800-meter stretch of streetlights dark in Gandhi Nagar Block B for 2 weeks. Pitch dark at night, woman safety and theft concern.",en,Streetlights,Broken Bulb / Dark Street,negative,3.2,2.4,2.2,1.9,2 weeks,MEDIUM,61
SYN-0131,"Entire 800-meter stretch of streetlights dark in Thatipur Main Crossing for 6 hours. Pitch dark at night, woman safety and theft concern.",en,Streetlights,Broken Bulb / Dark Street,negative,3.2,2.5,2.2,1.2,6 hours,MEDIUM,60
SYN-0132,"Entire 800-meter stretch of streetlights dark in Kampoo Road for 24 hours. Pitch dark at night, woman safety and theft concern.",en,Streetlights,Broken Bulb / Dark Street,negative,3.2,1.9,2.2,1.7,24 hours,MEDIUM,64
SYN-0133,"Entire 800-meter stretch of streetlights dark in Maharaj Bada for 2 weeks. Pitch dark at night, woman safety and theft concern.",en,Streetlights,Broken Bulb / Dark Street,negative,3.2,2.5,2.2,1.5,2 weeks,MEDIUM,61
SYN-0134,"Bottom inspection door of streetlight pole broken in Gandhi Nagar Block B, raw uninsulated live wires accessible to playing children.",en,Streetlights,Exposed Streetlight Wire,very_negative,4.4,4.0,4.2,1.9,24 hours,CRITICAL,88
SYN-0135,"Bottom inspection door of streetlight pole broken in Lashkar Outer Ring Road, raw uninsulated live wires accessible to playing children.",en,Streetlights,Exposed Streetlight Wire,very_negative,4.4,3.2,4.2,0.7,4 days,CRITICAL,88
SYN-0136,"Bottom inspection door of streetlight pole broken in Civil Hospital Outer Gate, raw uninsulated live wires accessible to playing children.",en,Streetlights,Exposed Streetlight Wire,very_negative,4.4,3.7,4.2,1.1,6 hours,CRITICAL,88
SYN-0137,"Bottom inspection door of streetlight pole broken in Maharaj Bada, raw uninsulated live wires accessible to playing children.",en,Streetlights,Exposed Streetlight Wire,very_negative,4.4,3.5,4.2,1.6,1 week,CRITICAL,88
SYN-0138,"Bottom inspection door of streetlight pole broken in VIP Road near Airport, raw uninsulated live wires accessible to playing children.",en,Streetlights,Exposed Streetlight Wire,very_negative,4.4,3.2,4.2,1.1,6 hours,CRITICAL,88
SYN-0139,"Bottom inspection door of streetlight pole broken in Thatipur Main Crossing, raw uninsulated live wires accessible to playing children.",en,Streetlights,Exposed Streetlight Wire,very_negative,4.4,4.0,4.2,1.4,2 days,CRITICAL,88
SYN-0140,"Bottom inspection door of streetlight pole broken in Hazira Circle, raw uninsulated live wires accessible to playing children.",en,Streetlights,Exposed Streetlight Wire,very_negative,4.4,4.3,4.2,0.6,2 days,CRITICAL,88
SYN-0141,"Iron streetlight pole struck by truck in City Center Phase 2, leaning at 60 degree angle over roadway.",en,Streetlights,Damaged Pole,very_negative,3.5,4.2,2.8,1.9,24 hours,HIGH,68
SYN-0142,"Iron streetlight pole struck by truck in Patel Nagar Bus Stand, leaning at 60 degree angle over roadway.",en,Streetlights,Damaged Pole,very_negative,3.5,4.7,2.8,1.6,2 weeks,HIGH,67
SYN-0143,"Iron streetlight pole struck by truck in Ward 12 Primary School Road, leaning at 60 degree angle over roadway.",en,Streetlights,Damaged Pole,very_negative,3.5,3.7,2.8,1.2,1 week,HIGH,66
SYN-0144,"Iron streetlight pole struck by truck in Sector 14 Market Chowk, leaning at 60 degree angle over roadway.",en,Streetlights,Damaged Pole,very_negative,3.5,4.3,2.8,1.2,6 hours,HIGH,68
SYN-0145,"Iron streetlight pole struck by truck in Fort View Enclave, leaning at 60 degree angle over roadway.",en,Streetlights,Damaged Pole,very_negative,3.5,4.0,2.8,1.6,2 hours,HIGH,67
SYN-0146,"Iron streetlight pole struck by truck in Gandhi Nagar Block B, leaning at 60 degree angle over roadway.",en,Streetlights,Damaged Pole,very_negative,3.5,3.5,2.8,1.8,1 week,HIGH,67
SYN-0147,"Iron streetlight pole struck by truck in Subhash Nagar Park Road, leaning at 60 degree angle over roadway.",en,Streetlights,Damaged Pole,very_negative,3.5,4.7,2.8,0.5,2 days,HIGH,69
SYN-0148,"Hit and run incident in Ward 12 Primary School Road: A speeding black SUV struck a pedestrian and fled toward highway. Victim seriously injured, vehicle plate fragment MP07 AB 2.",en,Public Safety,Hit-and-Run,very_negative,4.8,3.5,4.8,0.6,2 days,CRITICAL,96
SYN-0149,"Hit and run incident in Anand Nagar: A speeding black SUV struck a pedestrian and fled toward highway. Victim seriously injured, vehicle plate fragment MP07 AB 2.",en,Public Safety,Hit-and-Run,very_negative,4.8,4.2,4.8,1.0,24 hours,CRITICAL,96
SYN-0150,"Hit and run incident in Sector 14 Market Chowk: A speeding black SUV struck a pedestrian and fled toward highway. Victim seriously injured, vehicle plate fragment MP07 AB 2.",en,Public Safety,Hit-and-Run,very_negative,4.8,4.5,4.8,1.0,6 hours,CRITICAL,96
SYN-0151,"Hit and run incident in Maharaj Bada: A speeding black SUV struck a pedestrian and fled toward highway. Victim seriously injured, vehicle plate fragment MP07 AB 2.",en,Public Safety,Hit-and-Run,very_negative,4.8,4.2,4.8,0.9,24 hours,CRITICAL,96
SYN-0152,"Hit and run incident in Patel Nagar Bus Stand: A speeding black SUV struck a pedestrian and fled toward highway. Victim seriously injured, vehicle plate fragment MP07 AB 2.",en,Public Safety,Hit-and-Run,very_negative,4.8,4.3,4.8,0.9,2 weeks,CRITICAL,96
SYN-0153,"Hit and run incident in Subhash Nagar Park Road: A speeding black SUV struck a pedestrian and fled toward highway. Victim seriously injured, vehicle plate fragment MP07 AB 2.",en,Public Safety,Hit-and-Run,very_negative,4.8,3.2,4.8,1.2,2 weeks,CRITICAL,96
SYN-0154,"Hit and run incident in Industrial Area Sector 3: A speeding black SUV struck a pedestrian and fled toward highway. Victim seriously injured, vehicle plate fragment MP07 AB 2.",en,Public Safety,Hit-and-Run,very_negative,4.8,4.7,4.8,0.6,2 hours,CRITICAL,96
SYN-0155,"Major fire broke out in chemical storage shop in Sadar Bazaar Main Gali, huge flames and thick poisonous smoke entering adjacent apartments.",en,Public Safety,Fire Emergency,very_negative,4.9,3.0,4.9,1.4,2 weeks,CRITICAL,98
SYN-0156,"Major fire broke out in chemical storage shop in Gandhi Nagar Block B, huge flames and thick poisonous smoke entering adjacent apartments.",en,Public Safety,Fire Emergency,very_negative,4.9,3.8,4.9,0.7,6 hours,CRITICAL,98
SYN-0157,"Major fire broke out in chemical storage shop in Maharaj Bada, huge flames and thick poisonous smoke entering adjacent apartments.",en,Public Safety,Fire Emergency,very_negative,4.9,3.4,4.9,1.4,2 days,CRITICAL,98
SYN-0158,"Major fire broke out in chemical storage shop in Railway Station Road, huge flames and thick poisonous smoke entering adjacent apartments.",en,Public Safety,Fire Emergency,very_negative,4.9,4.5,4.9,1.6,6 hours,CRITICAL,98
SYN-0159,"Major fire broke out in chemical storage shop in Sector 14 Market Chowk, huge flames and thick poisonous smoke entering adjacent apartments.",en,Public Safety,Fire Emergency,very_negative,4.9,4.2,4.9,0.8,24 hours,CRITICAL,98
SYN-0160,"Major fire broke out in chemical storage shop in Thatipur Main Crossing, huge flames and thick poisonous smoke entering adjacent apartments.",en,Public Safety,Fire Emergency,very_negative,4.9,3.4,4.9,1.7,4 days,CRITICAL,98
SYN-0161,"Major fire broke out in chemical storage shop in Civil Hospital Outer Gate, huge flames and thick poisonous smoke entering adjacent apartments.",en,Public Safety,Fire Emergency,very_negative,4.9,3.5,4.9,2.0,2 weeks,CRITICAL,98
SYN-0162,Armed chain snatching and robbery by two men on black motorbike with country pistols in VIP Road near Airport around 8 PM.,en,Public Safety,Theft / Robbery,very_negative,4.2,3.2,4.0,1.4,6 hours,CRITICAL,85
SYN-0163,Armed chain snatching and robbery by two men on black motorbike with country pistols in Thatipur Main Crossing around 8 PM.,en,Public Safety,Theft / Robbery,very_negative,4.2,3.8,4.0,0.7,1 week,CRITICAL,85
SYN-0164,Armed chain snatching and robbery by two men on black motorbike with country pistols in Sector 14 Market Chowk around 8 PM.,en,Public Safety,Theft / Robbery,very_negative,4.2,4.0,4.0,1.9,1 week,CRITICAL,85
SYN-0165,Armed chain snatching and robbery by two men on black motorbike with country pistols in Kampoo Road around 8 PM.,en,Public Safety,Theft / Robbery,very_negative,4.2,3.4,4.0,1.8,1 week,CRITICAL,85
SYN-0166,Armed chain snatching and robbery by two men on black motorbike with country pistols in Ward 12 Primary School Road around 8 PM.,en,Public Safety,Theft / Robbery,very_negative,4.2,3.1,4.0,1.1,4 days,CRITICAL,85
SYN-0167,Armed chain snatching and robbery by two men on black motorbike with country pistols in City Center Phase 2 around 8 PM.,en,Public Safety,Theft / Robbery,very_negative,4.2,4.3,4.0,1.6,4 days,CRITICAL,85
SYN-0168,Armed chain snatching and robbery by two men on black motorbike with country pistols in Sadar Bazaar Main Gali around 8 PM.,en,Public Safety,Theft / Robbery,very_negative,4.2,3.2,4.0,1.3,24 hours,CRITICAL,85
SYN-0169,"Pack of 6 aggressive rabid stray dogs attacking school children and cyclists in Govindpuri Lane 4, 3 people bitten today.",en,Public Safety,Dangerous Stray Animal,very_negative,4.0,3.5,3.8,1.1,1 week,HIGH,77
SYN-0170,"Pack of 6 aggressive rabid stray dogs attacking school children and cyclists in Sector 14 Market Chowk, 3 people bitten today.",en,Public Safety,Dangerous Stray Animal,very_negative,4.0,4.7,3.8,2.0,6 hours,HIGH,75
SYN-0171,"Pack of 6 aggressive rabid stray dogs attacking school children and cyclists in Patel Nagar Bus Stand, 3 people bitten today.",en,Public Safety,Dangerous Stray Animal,very_negative,4.0,4.7,3.8,1.7,1 week,HIGH,78
SYN-0172,"Pack of 6 aggressive rabid stray dogs attacking school children and cyclists in Industrial Area Sector 3, 3 people bitten today.",en,Public Safety,Dangerous Stray Animal,very_negative,4.0,4.3,3.8,1.8,2 days,HIGH,77
SYN-0173,"Pack of 6 aggressive rabid stray dogs attacking school children and cyclists in Thatipur Main Crossing, 3 people bitten today.",en,Public Safety,Dangerous Stray Animal,very_negative,4.0,3.9,3.8,1.0,1 week,HIGH,76
SYN-0174,"Pack of 6 aggressive rabid stray dogs attacking school children and cyclists in City Center Phase 2, 3 people bitten today.",en,Public Safety,Dangerous Stray Animal,very_negative,4.0,3.2,3.8,0.9,2 weeks,HIGH,79
SYN-0175,"Pack of 6 aggressive rabid stray dogs attacking school children and cyclists in Morar Colony, 3 people bitten today.",en,Public Safety,Dangerous Stray Animal,very_negative,4.0,4.5,3.8,1.4,2 days,HIGH,79
SYN-0176,Stormwater drain choked in Kampoo Road. Torrential rainwater backflowing into 30 houses with 3-foot waterlogging.,en,Drainage,Monsoon Flooding,very_negative,4.2,4.5,3.5,3.1,6 hours,CRITICAL,85
SYN-0177,Stormwater drain choked in Ward 12 Primary School Road. Torrential rainwater backflowing into 30 houses with 3-foot waterlogging.,en,Drainage,Monsoon Flooding,very_negative,4.2,3.8,3.5,3.5,24 hours,CRITICAL,85
SYN-0178,Stormwater drain choked in Govindpuri Lane 4. Torrential rainwater backflowing into 30 houses with 3-foot waterlogging.,en,Drainage,Monsoon Flooding,very_negative,4.2,3.9,3.5,4.2,24 hours,CRITICAL,85
SYN-0179,Stormwater drain choked in Sector 14 Market Chowk. Torrential rainwater backflowing into 30 houses with 3-foot waterlogging.,en,Drainage,Monsoon Flooding,very_negative,4.2,4.7,3.5,3.1,2 hours,CRITICAL,85
SYN-0180,Stormwater drain choked in Industrial Area Sector 3. Torrential rainwater backflowing into 30 houses with 3-foot waterlogging.,en,Drainage,Monsoon Flooding,very_negative,4.2,3.8,3.5,3.8,2 hours,CRITICAL,85
SYN-0181,Stormwater drain choked in Patel Nagar Bus Stand. Torrential rainwater backflowing into 30 houses with 3-foot waterlogging.,en,Drainage,Monsoon Flooding,very_negative,4.2,4.8,3.5,3.2,2 days,CRITICAL,85
SYN-0182,Stormwater drain choked in Morar Colony. Torrential rainwater backflowing into 30 houses with 3-foot waterlogging.,en,Drainage,Monsoon Flooding,very_negative,4.2,4.5,3.5,4.0,1 week,CRITICAL,85
SYN-0183,"Culvert bridge under road in Civil Hospital Outer Gate completely jammed with silt and plastic bottles, runoff overflowing onto road.",en,Drainage,Blocked Culvert,negative,3.0,2.1,2.0,4.0,6 hours,MEDIUM,58
SYN-0184,"Culvert bridge under road in Sector 14 Market Chowk completely jammed with silt and plastic bottles, runoff overflowing onto road.",en,Drainage,Blocked Culvert,negative,3.0,2.1,2.0,3.9,4 days,MEDIUM,56
SYN-0185,"Culvert bridge under road in Maharaj Bada completely jammed with silt and plastic bottles, runoff overflowing onto road.",en,Drainage,Blocked Culvert,negative,3.0,2.0,2.0,3.6,1 week,MEDIUM,56
SYN-0186,"Culvert bridge under road in VIP Road near Airport completely jammed with silt and plastic bottles, runoff overflowing onto road.",en,Drainage,Blocked Culvert,negative,3.0,1.9,2.0,3.5,1 week,MEDIUM,57
SYN-0187,"Culvert bridge under road in Gandhi Nagar Block B completely jammed with silt and plastic bottles, runoff overflowing onto road.",en,Drainage,Blocked Culvert,negative,3.0,1.4,2.0,3.1,24 hours,MEDIUM,59
SYN-0188,"Culvert bridge under road in City Center Phase 2 completely jammed with silt and plastic bottles, runoff overflowing onto road.",en,Drainage,Blocked Culvert,negative,3.0,2.7,2.0,3.0,24 hours,MEDIUM,60
SYN-0189,"Culvert bridge under road in Sadar Bazaar Main Gali completely jammed with silt and plastic bottles, runoff overflowing onto road.",en,Drainage,Blocked Culvert,negative,3.0,2.5,2.0,3.4,6 hours,MEDIUM,59
SYN-0190,"Children iron slide in municipal park at Anand Nagar has rusted broken sharp edge, caused deep cut to 6-year-old child.",en,Parks,Broken Swings / Playground,very_negative,3.8,4.0,3.2,0.5,24 hours,HIGH,74
SYN-0191,"Children iron slide in municipal park at Subhash Nagar Park Road has rusted broken sharp edge, caused deep cut to 6-year-old child.",en,Parks,Broken Swings / Playground,very_negative,3.8,3.4,3.2,0.9,1 week,HIGH,71
SYN-0192,"Children iron slide in municipal park at VIP Road near Airport has rusted broken sharp edge, caused deep cut to 6-year-old child.",en,Parks,Broken Swings / Playground,very_negative,3.8,4.8,3.2,0.9,2 hours,HIGH,75
SYN-0193,"Children iron slide in municipal park at Thatipur Main Crossing has rusted broken sharp edge, caused deep cut to 6-year-old child.",en,Parks,Broken Swings / Playground,very_negative,3.8,4.5,3.2,0.7,1 week,HIGH,74
SYN-0194,"Children iron slide in municipal park at City Center Phase 2 has rusted broken sharp edge, caused deep cut to 6-year-old child.",en,Parks,Broken Swings / Playground,very_negative,3.8,3.9,3.2,1.2,2 weeks,HIGH,75
SYN-0195,"Children iron slide in municipal park at Hazira Circle has rusted broken sharp edge, caused deep cut to 6-year-old child.",en,Parks,Broken Swings / Playground,very_negative,3.8,4.0,3.2,0.8,2 days,HIGH,72
SYN-0196,"Children iron slide in municipal park at Kampoo Road has rusted broken sharp edge, caused deep cut to 6-year-old child.",en,Parks,Broken Swings / Playground,very_negative,3.8,4.5,3.2,0.7,2 hours,HIGH,73
SYN-0197,Wooden park benches have broken slats and walking track paving is uneven in Maharaj Bada.,en,Parks,Damaged Bench / Walking Track,negative,1.2,1.9,0.5,0.6,2 weeks,LOW,21
SYN-0198,Wooden park benches have broken slats and walking track paving is uneven in Ward 12 Primary School Road.,en,Parks,Damaged Bench / Walking Track,negative,1.2,2.8,0.5,1.7,6 hours,LOW,25
SYN-0199,Wooden park benches have broken slats and walking track paving is uneven in Industrial Area Sector 3.,en,Parks,Damaged Bench / Walking Track,negative,1.2,1.7,0.5,1.7,2 days,LOW,21
SYN-0200,Wooden park benches have broken slats and walking track paving is uneven in Kampoo Road.,en,Parks,Damaged Bench / Walking Track,negative,1.2,2.4,0.5,1.9,4 days,LOW,22
SYN-0201,Wooden park benches have broken slats and walking track paving is uneven in Railway Station Road.,en,Parks,Damaged Bench / Walking Track,negative,1.2,2.4,0.5,0.9,2 days,LOW,23
SYN-0202,Wooden park benches have broken slats and walking track paving is uneven in Subhash Nagar Park Road.,en,Parks,Damaged Bench / Walking Track,negative,1.2,1.1,0.5,1.4,4 days,LOW,21
SYN-0203,Wooden park benches have broken slats and walking track paving is uneven in Civil Hospital Outer Gate.,en,Parks,Damaged Bench / Walking Track,negative,1.2,1.6,0.5,1.5,1 week,LOW,25
SYN-0204,Wild bushes and knee-high grass in community park at City Center Phase 2 harboring snakes and mosquitoes.,en,Parks,Overgrown Grass,negative,1.5,1.0,0.8,1.1,2 hours,LOW,29
SYN-0205,Wild bushes and knee-high grass in community park at Lashkar Outer Ring Road harboring snakes and mosquitoes.,en,Parks,Overgrown Grass,negative,1.5,2.5,0.8,0.9,2 days,LOW,25
SYN-0206,Wild bushes and knee-high grass in community park at Maharaj Bada harboring snakes and mosquitoes.,en,Parks,Overgrown Grass,negative,1.5,1.9,0.8,1.6,2 hours,LOW,29
SYN-0207,Wild bushes and knee-high grass in community park at Morar Colony harboring snakes and mosquitoes.,en,Parks,Overgrown Grass,negative,1.5,2.5,0.8,0.6,24 hours,LOW,25
SYN-0208,Wild bushes and knee-high grass in community park at Gandhi Nagar Block B harboring snakes and mosquitoes.,en,Parks,Overgrown Grass,negative,1.5,1.8,0.8,1.8,1 week,LOW,29
SYN-0209,Wild bushes and knee-high grass in community park at Fort View Enclave harboring snakes and mosquitoes.,en,Parks,Overgrown Grass,negative,1.5,1.6,0.8,1.1,2 weeks,LOW,25
SYN-0210,Wild bushes and knee-high grass in community park at Anand Nagar harboring snakes and mosquitoes.,en,Parks,Overgrown Grass,negative,1.5,1.7,0.8,1.5,2 hours,LOW,26
SYN-0211,"Civil dispensary in Hazira Circle has no doctor or nursing staff present during emergency hours, trauma patient bleeding outside.",en,Healthcare,Hospital Emergency / No Doctor,very_negative,4.8,3.9,4.8,3.9,24 hours,CRITICAL,95
SYN-0212,"Civil dispensary in Lashkar Outer Ring Road has no doctor or nursing staff present during emergency hours, trauma patient bleeding outside.",en,Healthcare,Hospital Emergency / No Doctor,very_negative,4.8,4.5,4.8,3.5,2 hours,CRITICAL,95
SYN-0213,"Civil dispensary in Kampoo Road has no doctor or nursing staff present during emergency hours, trauma patient bleeding outside.",en,Healthcare,Hospital Emergency / No Doctor,very_negative,4.8,4.2,4.8,3.4,1 week,CRITICAL,95
SYN-0214,"Civil dispensary in Maharaj Bada has no doctor or nursing staff present during emergency hours, trauma patient bleeding outside.",en,Healthcare,Hospital Emergency / No Doctor,very_negative,4.8,4.7,4.8,4.0,4 days,CRITICAL,95
SYN-0215,"Civil dispensary in Railway Station Road has no doctor or nursing staff present during emergency hours, trauma patient bleeding outside.",en,Healthcare,Hospital Emergency / No Doctor,very_negative,4.8,3.2,4.8,4.4,2 days,CRITICAL,95
SYN-0216,"Civil dispensary in Subhash Nagar Park Road has no doctor or nursing staff present during emergency hours, trauma patient bleeding outside.",en,Healthcare,Hospital Emergency / No Doctor,very_negative,4.8,4.3,4.8,3.5,2 hours,CRITICAL,95
SYN-0217,"Civil dispensary in Ward 12 Primary School Road has no doctor or nursing staff present during emergency hours, trauma patient bleeding outside.",en,Healthcare,Hospital Emergency / No Doctor,very_negative,4.8,3.8,4.8,2.5,4 days,CRITICAL,95
SYN-0218,"Over 15 confirmed dengue and viral fever cases reported in Maharaj Bada due to stagnant water, urgent mosquito fogging required.",en,Healthcare,Disease Outbreak / Dengue,very_negative,4.0,4.7,3.5,3.9,6 hours,HIGH,77
SYN-0219,"Over 15 confirmed dengue and viral fever cases reported in Gandhi Nagar Block B due to stagnant water, urgent mosquito fogging required.",en,Healthcare,Disease Outbreak / Dengue,very_negative,4.0,4.3,3.5,4.5,24 hours,HIGH,79
SYN-0220,"Over 15 confirmed dengue and viral fever cases reported in Sector 14 Market Chowk due to stagnant water, urgent mosquito fogging required.",en,Healthcare,Disease Outbreak / Dengue,very_negative,4.0,3.2,3.5,4.0,2 weeks,HIGH,77
SYN-0221,"Over 15 confirmed dengue and viral fever cases reported in Lashkar Outer Ring Road due to stagnant water, urgent mosquito fogging required.",en,Healthcare,Disease Outbreak / Dengue,very_negative,4.0,4.0,3.5,3.5,24 hours,HIGH,77
SYN-0222,"Over 15 confirmed dengue and viral fever cases reported in Railway Station Road due to stagnant water, urgent mosquito fogging required.",en,Healthcare,Disease Outbreak / Dengue,very_negative,4.0,3.5,3.5,3.5,1 week,HIGH,80
SYN-0223,"Over 15 confirmed dengue and viral fever cases reported in Ward 12 Primary School Road due to stagnant water, urgent mosquito fogging required.",en,Healthcare,Disease Outbreak / Dengue,very_negative,4.0,4.5,3.5,3.4,2 days,HIGH,75
SYN-0224,"Over 15 confirmed dengue and viral fever cases reported in Civil Hospital Outer Gate due to stagnant water, urgent mosquito fogging required.",en,Healthcare,Disease Outbreak / Dengue,very_negative,4.0,4.8,3.5,2.6,1 week,HIGH,77
SYN-0225,"Free medicine dispensary in Civil Hospital Outer Gate running out of basic ORS, fever paracetamol, and diabetes tablets for 3 weeks.",en,Healthcare,Medicine Shortage,negative,2.5,1.0,1.8,4.2,2 days,MEDIUM,46
SYN-0226,"Free medicine dispensary in Maharaj Bada running out of basic ORS, fever paracetamol, and diabetes tablets for 3 weeks.",en,Healthcare,Medicine Shortage,negative,2.5,1.1,1.8,3.1,2 days,MEDIUM,47
SYN-0227,"Free medicine dispensary in Govindpuri Lane 4 running out of basic ORS, fever paracetamol, and diabetes tablets for 3 weeks.",en,Healthcare,Medicine Shortage,negative,2.5,2.5,1.8,4.5,4 days,MEDIUM,48
SYN-0228,"Free medicine dispensary in Lashkar Outer Ring Road running out of basic ORS, fever paracetamol, and diabetes tablets for 3 weeks.",en,Healthcare,Medicine Shortage,negative,2.5,1.6,1.8,3.4,2 days,MEDIUM,50
SYN-0229,"Free medicine dispensary in Fort View Enclave running out of basic ORS, fever paracetamol, and diabetes tablets for 3 weeks.",en,Healthcare,Medicine Shortage,negative,2.5,1.9,1.8,3.9,4 days,MEDIUM,49
SYN-0230,"Free medicine dispensary in Railway Station Road running out of basic ORS, fever paracetamol, and diabetes tablets for 3 weeks.",en,Healthcare,Medicine Shortage,negative,2.5,1.4,1.8,2.5,1 week,MEDIUM,47
SYN-0231,"Free medicine dispensary in Ward 12 Primary School Road running out of basic ORS, fever paracetamol, and diabetes tablets for 3 weeks.",en,Healthcare,Medicine Shortage,negative,2.5,1.8,1.8,3.0,1 week,MEDIUM,46
SYN-0232,"City bus route 7 driver driving recklessly at 80 km/h in narrow market zone in VIP Road near Airport, narrowly missed schoolchildren.",en,Public Transport,Rash Driving,very_negative,3.5,3.4,3.0,3.0,2 hours,HIGH,67
SYN-0233,"City bus route 7 driver driving recklessly at 80 km/h in narrow market zone in Fort View Enclave, narrowly missed schoolchildren.",en,Public Transport,Rash Driving,very_negative,3.5,3.9,3.0,4.1,2 days,HIGH,65
SYN-0234,"City bus route 7 driver driving recklessly at 80 km/h in narrow market zone in Sector 14 Market Chowk, narrowly missed schoolchildren.",en,Public Transport,Rash Driving,very_negative,3.5,4.3,3.0,4.0,1 week,HIGH,68
SYN-0235,"City bus route 7 driver driving recklessly at 80 km/h in narrow market zone in Patel Nagar Bus Stand, narrowly missed schoolchildren.",en,Public Transport,Rash Driving,very_negative,3.5,4.5,3.0,4.2,2 days,HIGH,69
SYN-0236,"City bus route 7 driver driving recklessly at 80 km/h in narrow market zone in Maharaj Bada, narrowly missed schoolchildren.",en,Public Transport,Rash Driving,very_negative,3.5,3.6,3.0,4.4,6 hours,HIGH,67
SYN-0237,"City bus route 7 driver driving recklessly at 80 km/h in narrow market zone in Thatipur Main Crossing, narrowly missed schoolchildren.",en,Public Transport,Rash Driving,very_negative,3.5,3.4,3.0,2.7,4 days,HIGH,65
SYN-0238,"City bus route 7 driver driving recklessly at 80 km/h in narrow market zone in Subhash Nagar Park Road, narrowly missed schoolchildren.",en,Public Transport,Rash Driving,very_negative,3.5,4.0,3.0,4.1,24 hours,HIGH,67
SYN-0239,Morning commuter bus consistently breaks down near Lashkar Outer Ring Road causing hundreds of office workers to get stranded.,en,Public Transport,Bus Breakdown / Cancelled,negative,2.2,2.5,1.2,3.6,2 days,MEDIUM,41
SYN-0240,Morning commuter bus consistently breaks down near Sector 14 Market Chowk causing hundreds of office workers to get stranded.,en,Public Transport,Bus Breakdown / Cancelled,negative,2.2,2.7,1.2,3.7,24 hours,MEDIUM,41
SYN-0241,Morning commuter bus consistently breaks down near VIP Road near Airport causing hundreds of office workers to get stranded.,en,Public Transport,Bus Breakdown / Cancelled,negative,2.2,1.6,1.2,3.2,2 days,MEDIUM,43
SYN-0242,Morning commuter bus consistently breaks down near Fort View Enclave causing hundreds of office workers to get stranded.,en,Public Transport,Bus Breakdown / Cancelled,negative,2.2,1.7,1.2,3.8,4 days,MEDIUM,42
SYN-0243,Morning commuter bus consistently breaks down near Industrial Area Sector 3 causing hundreds of office workers to get stranded.,en,Public Transport,Bus Breakdown / Cancelled,negative,2.2,2.5,1.2,3.7,2 hours,MEDIUM,43
SYN-0244,Morning commuter bus consistently breaks down near Patel Nagar Bus Stand causing hundreds of office workers to get stranded.,en,Public Transport,Bus Breakdown / Cancelled,negative,2.2,1.4,1.2,4.0,2 days,MEDIUM,40
SYN-0245,Morning commuter bus consistently breaks down near Maharaj Bada causing hundreds of office workers to get stranded.,en,Public Transport,Bus Breakdown / Cancelled,negative,2.2,2.6,1.2,4.3,2 hours,MEDIUM,44
SYN-0246,Flyover expansion joint in Govindpuri Lane 4 has widened by 4 inches and concrete chunks are crumbling down onto traffic below.,en,Infrastructure,Bridge Crack / Sinking,very_negative,4.7,4.3,4.6,1.9,6 hours,CRITICAL,94
SYN-0247,Flyover expansion joint in Thatipur Main Crossing has widened by 4 inches and concrete chunks are crumbling down onto traffic below.,en,Infrastructure,Bridge Crack / Sinking,very_negative,4.7,3.5,4.6,0.6,1 week,CRITICAL,94
SYN-0248,Flyover expansion joint in Civil Hospital Outer Gate has widened by 4 inches and concrete chunks are crumbling down onto traffic below.,en,Infrastructure,Bridge Crack / Sinking,very_negative,4.7,3.8,4.6,1.0,2 days,CRITICAL,94
SYN-0249,Flyover expansion joint in Anand Nagar has widened by 4 inches and concrete chunks are crumbling down onto traffic below.,en,Infrastructure,Bridge Crack / Sinking,very_negative,4.7,4.2,4.6,1.5,4 days,CRITICAL,94
SYN-0250,Flyover expansion joint in Fort View Enclave has widened by 4 inches and concrete chunks are crumbling down onto traffic below.,en,Infrastructure,Bridge Crack / Sinking,very_negative,4.7,4.0,4.6,1.9,2 hours,CRITICAL,94
SYN-0251,Flyover expansion joint in Sector 14 Market Chowk has widened by 4 inches and concrete chunks are crumbling down onto traffic below.,en,Infrastructure,Bridge Crack / Sinking,very_negative,4.7,4.7,4.6,1.1,1 week,CRITICAL,94
SYN-0252,Flyover expansion joint in Sadar Bazaar Main Gali has widened by 4 inches and concrete chunks are crumbling down onto traffic below.,en,Infrastructure,Bridge Crack / Sinking,very_negative,4.7,4.5,4.6,1.9,24 hours,CRITICAL,94
SYN-0253,Municipal school 10-foot boundary wall has tilted dangerously toward road in Fort View Enclave following heavy rains.,en,Infrastructure,Boundary Wall Collapse,very_negative,4.0,3.3,3.8,1.7,2 hours,HIGH,77
SYN-0254,Municipal school 10-foot boundary wall has tilted dangerously toward road in Railway Station Road following heavy rains.,en,Infrastructure,Boundary Wall Collapse,very_negative,4.0,3.3,3.8,1.2,1 week,HIGH,75
SYN-0255,Municipal school 10-foot boundary wall has tilted dangerously toward road in Maharaj Bada following heavy rains.,en,Infrastructure,Boundary Wall Collapse,very_negative,4.0,4.0,3.8,1.9,6 hours,HIGH,75
SYN-0256,Municipal school 10-foot boundary wall has tilted dangerously toward road in Gandhi Nagar Block B following heavy rains.,en,Infrastructure,Boundary Wall Collapse,very_negative,4.0,4.0,3.8,1.8,2 hours,HIGH,80
SYN-0257,Municipal school 10-foot boundary wall has tilted dangerously toward road in VIP Road near Airport following heavy rains.,en,Infrastructure,Boundary Wall Collapse,very_negative,4.0,4.1,3.8,1.1,2 hours,HIGH,78
SYN-0258,Municipal school 10-foot boundary wall has tilted dangerously toward road in Thatipur Main Crossing following heavy rains.,en,Infrastructure,Boundary Wall Collapse,very_negative,4.0,3.8,3.8,1.3,2 days,HIGH,79
SYN-0259,Municipal school 10-foot boundary wall has tilted dangerously toward road in Sadar Bazaar Main Gali following heavy rains.,en,Infrastructure,Boundary Wall Collapse,very_negative,4.0,3.5,3.8,0.8,2 days,HIGH,76
SYN-0260,Chemical factory near Morar Colony releasing thick black acrid chemical smoke and sulfur smell every night after 11 PM.,en,Environment,Industrial Air Pollution,very_negative,3.8,4.5,3.2,1.5,6 hours,HIGH,74
SYN-0261,Chemical factory near Maharaj Bada releasing thick black acrid chemical smoke and sulfur smell every night after 11 PM.,en,Environment,Industrial Air Pollution,very_negative,3.8,3.8,3.2,1.6,24 hours,HIGH,72
SYN-0262,Chemical factory near Ward 12 Primary School Road releasing thick black acrid chemical smoke and sulfur smell every night after 11 PM.,en,Environment,Industrial Air Pollution,very_negative,3.8,3.9,3.2,1.6,2 hours,HIGH,72
SYN-0263,Chemical factory near Gandhi Nagar Block B releasing thick black acrid chemical smoke and sulfur smell every night after 11 PM.,en,Environment,Industrial Air Pollution,very_negative,3.8,3.2,3.2,1.2,4 days,HIGH,74
SYN-0264,Chemical factory near Industrial Area Sector 3 releasing thick black acrid chemical smoke and sulfur smell every night after 11 PM.,en,Environment,Industrial Air Pollution,very_negative,3.8,4.0,3.2,1.5,24 hours,HIGH,71
SYN-0265,Chemical factory near Civil Hospital Outer Gate releasing thick black acrid chemical smoke and sulfur smell every night after 11 PM.,en,Environment,Industrial Air Pollution,very_negative,3.8,3.8,3.2,1.2,2 days,HIGH,70
SYN-0266,Chemical factory near VIP Road near Airport releasing thick black acrid chemical smoke and sulfur smell every night after 11 PM.,en,Environment,Industrial Air Pollution,very_negative,3.8,3.6,3.2,1.1,2 weeks,HIGH,73
SYN-0267,Unlicensed commercial diesel generator running 24x7 without acoustic enclosure directly beneath bedrooms in Industrial Area Sector 3.,en,Environment,Severe Noise Pollution,negative,2.2,1.1,1.2,1.8,1 week,MEDIUM,43
SYN-0268,Unlicensed commercial diesel generator running 24x7 without acoustic enclosure directly beneath bedrooms in Thatipur Main Crossing.,en,Environment,Severe Noise Pollution,negative,2.2,1.9,1.2,0.5,1 week,MEDIUM,42
SYN-0269,Unlicensed commercial diesel generator running 24x7 without acoustic enclosure directly beneath bedrooms in Gandhi Nagar Block B.,en,Environment,Severe Noise Pollution,negative,2.2,1.1,1.2,1.9,4 days,MEDIUM,40
SYN-0270,Unlicensed commercial diesel generator running 24x7 without acoustic enclosure directly beneath bedrooms in Ward 12 Primary School Road.,en,Environment,Severe Noise Pollution,negative,2.2,2.5,1.2,1.8,4 days,MEDIUM,40
SYN-0271,Unlicensed commercial diesel generator running 24x7 without acoustic enclosure directly beneath bedrooms in Sadar Bazaar Main Gali.,en,Environment,Severe Noise Pollution,negative,2.2,2.1,1.2,0.8,24 hours,MEDIUM,44
SYN-0272,Unlicensed commercial diesel generator running 24x7 without acoustic enclosure directly beneath bedrooms in VIP Road near Airport.,en,Environment,Severe Noise Pollution,negative,2.2,1.8,1.2,1.6,1 week,MEDIUM,44
SYN-0273,Unlicensed commercial diesel generator running 24x7 without acoustic enclosure directly beneath bedrooms in Hazira Circle.,en,Environment,Severe Noise Pollution,negative,2.2,1.4,1.2,1.5,2 weeks,MEDIUM,40
SYN-0274,Birth and death certificate counter at zonal municipal office in Thatipur Main Crossing has kept application pending for 45 days.,en,Other,Certificate Delay,negative,1.5,1.2,0.5,1.9,1 week,LOW,29
SYN-0275,Birth and death certificate counter at zonal municipal office in Railway Station Road has kept application pending for 45 days.,en,Other,Certificate Delay,negative,1.5,2.3,0.5,0.8,24 hours,LOW,28
SYN-0276,Birth and death certificate counter at zonal municipal office in VIP Road near Airport has kept application pending for 45 days.,en,Other,Certificate Delay,negative,1.5,2.7,0.5,1.9,6 hours,LOW,29
SYN-0277,Birth and death certificate counter at zonal municipal office in Civil Hospital Outer Gate has kept application pending for 45 days.,en,Other,Certificate Delay,negative,1.5,2.6,0.5,1.9,24 hours,LOW,26
SYN-0278,Birth and death certificate counter at zonal municipal office in Anand Nagar has kept application pending for 45 days.,en,Other,Certificate Delay,negative,1.5,1.8,0.5,1.9,24 hours,LOW,29
SYN-0279,Birth and death certificate counter at zonal municipal office in Fort View Enclave has kept application pending for 45 days.,en,Other,Certificate Delay,negative,1.5,1.9,0.5,1.6,2 weeks,LOW,27
SYN-0280,Birth and death certificate counter at zonal municipal office in Morar Colony has kept application pending for 45 days.,en,Other,Certificate Delay,negative,1.5,1.4,0.5,1.2,2 weeks,LOW,28
SYN-0281,Illegal commercial vendor stalls encroaching 70% of pedestrian walkway outside shopping complex in Maharaj Bada.,en,Other,Encroachment,negative,2.2,1.8,1.0,1.4,2 days,MEDIUM,45
SYN-0282,Illegal commercial vendor stalls encroaching 70% of pedestrian walkway outside shopping complex in Hazira Circle.,en,Other,Encroachment,negative,2.2,2.1,1.0,1.6,2 hours,MEDIUM,42
SYN-0283,Illegal commercial vendor stalls encroaching 70% of pedestrian walkway outside shopping complex in Gandhi Nagar Block B.,en,Other,Encroachment,negative,2.2,1.8,1.0,1.4,1 week,MEDIUM,40
SYN-0284,Illegal commercial vendor stalls encroaching 70% of pedestrian walkway outside shopping complex in Ward 12 Primary School Road.,en,Other,Encroachment,negative,2.2,2.1,1.0,0.7,2 days,MEDIUM,40
SYN-0285,Illegal commercial vendor stalls encroaching 70% of pedestrian walkway outside shopping complex in Sadar Bazaar Main Gali.,en,Other,Encroachment,negative,2.2,2.5,1.0,0.5,1 week,MEDIUM,44
SYN-0286,Illegal commercial vendor stalls encroaching 70% of pedestrian walkway outside shopping complex in Railway Station Road.,en,Other,Encroachment,negative,2.2,2.0,1.0,1.9,4 days,MEDIUM,41
SYN-0287,Illegal commercial vendor stalls encroaching 70% of pedestrian walkway outside shopping complex in Subhash Nagar Park Road.,en,Other,Encroachment,negative,2.2,1.2,1.0,1.5,4 days,MEDIUM,44
SYN-0288,"इंडस्ट्रियल एरिया के पास मुख्य पेयजल पाइपलाइन फूट गई है, लाखों लीटर साफ पानी सड़क और बेसमेंट में भर रहा है।",hi,Water Supply,Pipeline Rupture,very_negative,4.2,4.0,2.8,3.8,1 हफ्ते,CRITICAL,85
SYN-0289,"गांधी नगर ब्लॉक बी के पास मुख्य पेयजल पाइपलाइन फूट गई है, लाखों लीटर साफ पानी सड़क और बेसमेंट में भर रहा है।",hi,Water Supply,Pipeline Rupture,very_negative,4.2,3.4,2.8,2.6,2 घंटे,CRITICAL,85
SYN-0290,"सेक्टर 14 मार्केट चौक में पिछले 2 दिन से नलों में सीवर का बदबूदार गंदा पानी आ रहा है, कई बच्चे उल्टी-दस्त से बीमार हैं।",hi,Water Supply,Contaminated Water,very_negative,4.0,3.4,3.2,2.8,2 दिन,CRITICAL,80
SYN-0291,"हजीरा सर्कल में पिछले 6 घंटे से नलों में सीवर का बदबूदार गंदा पानी आ रहा है, कई बच्चे उल्टी-दस्त से बीमार हैं।",hi,Water Supply,Contaminated Water,very_negative,4.0,4.7,3.2,2.9,6 घंटे,CRITICAL,80
SYN-0292,"सिटी सेंटर में पिछले 24 घंटे से पानी की एक बूंद नहीं आई है, पूरी कॉलोनी में हाहाकार मचा हुआ है।",hi,Water Supply,No Supply / Low Pressure,very_negative,3.0,4.7,1.5,3.8,24 घंटे,HIGH,55
SYN-0293,"गांधी नगर ब्लॉक बी में पिछले 4 दिन से पानी की एक बूंद नहीं आई है, पूरी कॉलोनी में हाहाकार मचा हुआ है।",hi,Water Supply,No Supply / Low Pressure,very_negative,3.0,3.5,1.5,3.8,4 दिन,HIGH,55
SYN-0294,"सदर बाजार में नगर निगम का पानी का टैंकर समय पर नहीं पहुंचा, लोग धूप में खाली बर्तन लेकर खड़े हैं।",hi,Water Supply,Tanker Issue,negative,2.2,2.3,1.0,3.4,2 हफ्ते,MEDIUM,42
SYN-0295,"रेलवे स्टेशन रोड में नगर निगम का पानी का टैंकर समय पर नहीं पहुंचा, लोग धूप में खाली बर्तन लेकर खड़े हैं।",hi,Water Supply,Tanker Issue,negative,2.2,2.1,1.0,3.1,2 घंटे,MEDIUM,40
SYN-0296,"गांधी नगर ब्लॉक बी में स्कूल गेट के ठीक बाहर 11kV का हाई-वोल्टेज करंट वाला तार टूटकर लटक रहा है, बारिश के पानी में स्पार्किंग हो रही है।",hi,Electricity,Live Wire / Sparking,very_negative,4.8,4.2,4.8,2.8,6 घंटे,CRITICAL,95
SYN-0297,"आनंद नगर में स्कूल गेट के ठीक बाहर 11kV का हाई-वोल्टेज करंट वाला तार टूटकर लटक रहा है, बारिश के पानी में स्पार्किंग हो रही है।",hi,Electricity,Live Wire / Sparking,very_negative,4.8,4.2,4.8,4.2,1 हफ्ते,CRITICAL,95
SYN-0298,आनंद नगर में रिहायशी इमारत के पास ट्रांसफार्मर में जोरदार धमाका हुआ और भीषण आग लग गई है।,hi,Electricity,Transformer Failure,very_negative,4.6,3.1,4.5,3.8,24 घंटे,CRITICAL,92
SYN-0299,सदर बाजार में रिहायशी इमारत के पास ट्रांसफार्मर में जोरदार धमाका हुआ और भीषण आग लग गई है।,hi,Electricity,Transformer Failure,very_negative,4.6,3.6,4.5,2.9,24 घंटे,CRITICAL,92
SYN-0300,"इंडस्ट्रियल एरिया में पिछले 2 दिन से बिजली पूरी तरह गुल है, भीषण गर्मी में मरीज और बुजुर्ग बेहाल हैं।",hi,Electricity,Power Outage / Blackout,very_negative,3.2,3.6,1.8,4.5,2 दिन,HIGH,65
SYN-0301,"आनंद नगर में पिछले 4 दिन से बिजली पूरी तरह गुल है, भीषण गर्मी में मरीज और बुजुर्ग बेहाल हैं।",hi,Electricity,Power Outage / Blackout,very_negative,3.2,3.1,1.8,3.5,4 दिन,HIGH,65
SYN-0302,"थाटीपुर चौराहा में बिजली का वोल्टेज बहुत तेजी से कम-ज्यादा हो रहा है, फ्रिज और टीवी जल चुके हैं।",hi,Electricity,Voltage Fluctuation,negative,2.8,1.6,2.0,2.7,2 हफ्ते,MEDIUM,51
SYN-0303,"महाराज बाड़ा में बिजली का वोल्टेज बहुत तेजी से कम-ज्यादा हो रहा है, फ्रिज और टीवी जल चुके हैं।",hi,Electricity,Voltage Fluctuation,negative,2.8,1.6,2.0,4.3,2 हफ्ते,MEDIUM,51
SYN-0304,"थाटीपुर चौराहा में मुख्य सड़क अचानक 5 फीट धंस गई है, दो बाइक सवार गिरकर गंभीर रूप से घायल हो गए हैं।",hi,Roads,Collapsed Road / Crater,very_negative,4.4,3.7,4.2,1.0,2 हफ्ते,CRITICAL,88
SYN-0305,"इंडस्ट्रियल एरिया में मुख्य सड़क अचानक 5 फीट धंस गई है, दो बाइक सवार गिरकर गंभीर रूप से घायल हो गए हैं।",hi,Roads,Collapsed Road / Crater,very_negative,4.4,3.5,4.2,1.8,2 हफ्ते,CRITICAL,88
SYN-0306,"आनंद नगर के अंधे मोड़ पर गहरे नुकीले गड्ढे हैं, आए दिन गाड़ियां फिसल रही हैं और दुर्घटनाएं हो रही हैं।",hi,Roads,Dangerous Pothole,very_negative,3.5,3.5,2.5,0.7,2 घंटे,HIGH,68
SYN-0307,"वीआईपी रोड के अंधे मोड़ पर गहरे नुकीले गड्ढे हैं, आए दिन गाड़ियां फिसल रही हैं और दुर्घटनाएं हो रही हैं।",hi,Roads,Dangerous Pothole,very_negative,3.5,3.5,2.5,0.7,4 दिन,HIGH,68
SYN-0308,"सदर बाजार में सीमेंट का डिवाइडर टूट गया है, लोग उल्टी दिशा से वाहन निकाल रहे हैं जिससे हादसे हो रहे हैं।",hi,Roads,Broken Divider,negative,2.8,1.0,2.0,1.1,2 घंटे,MEDIUM,54
SYN-0309,"इंडस्ट्रियल एरिया में सीमेंट का डिवाइडर टूट गया है, लोग उल्टी दिशा से वाहन निकाल रहे हैं जिससे हादसे हो रहे हैं।",hi,Roads,Broken Divider,negative,2.8,2.0,2.0,0.5,2 हफ्ते,MEDIUM,54
SYN-0310,महाराज बाड़ा में सड़क के बीचोंबीच 40 मीटर लंबा गहरा गड्ढा खोदकर बिना किसी चेतावनी बोर्ड के छोड़ दिया गया है।,hi,Roads,Open Trench / Debris,negative,3.0,2.3,2.2,1.3,2 घंटे,MEDIUM,59
SYN-0311,हजीरा सर्कल में सड़क के बीचोंबीच 40 मीटर लंबा गहरा गड्ढा खोदकर बिना किसी चेतावनी बोर्ड के छोड़ दिया गया है।,hi,Roads,Open Trench / Debris,negative,3.0,1.2,2.2,1.2,2 घंटे,MEDIUM,55
SYN-0312,"गांधी नगर ब्लॉक बी में बाजार के पैदल रास्ते पर बिना ढक्कन का खुला मैनहोल है, अंधेरे में किसी की भी जान जा सकती है।",hi,Sanitation,Open Manhole,very_negative,4.6,4.6,4.5,4.3,24 घंटे,CRITICAL,92
SYN-0313,"सिविल अस्पताल गेट 2 में बाजार के पैदल रास्ते पर बिना ढक्कन का खुला मैनहोल है, अंधेरे में किसी की भी जान जा सकती है।",hi,Sanitation,Open Manhole,very_negative,4.6,4.4,4.5,4.1,2 घंटे,CRITICAL,92
SYN-0314,"थाटीपुर चौराहा में पिछले 2 घंटे से सीवर लाइन चोक होने से गंदा काला पानी पूरी सड़क पर बह रहा है, घरों के दरवाजे तक भर गया है।",hi,Sanitation,Sewage Overflow,very_negative,3.8,4.7,3.0,3.5,2 घंटे,HIGH,70
SYN-0315,"वीआईपी रोड में पिछले 2 दिन से सीवर लाइन चोक होने से गंदा काला पानी पूरी सड़क पर बह रहा है, घरों के दरवाजे तक भर गया है।",hi,Sanitation,Sewage Overflow,very_negative,3.8,3.0,3.0,2.6,2 दिन,HIGH,70
SYN-0316,"गांधी नगर ब्लॉक बी का सार्वजनिक शौचालय पूरी तरह चोक है, गंदगी और दुर्गंध से आसपास खड़े रहना भी मुश्किल है।",hi,Sanitation,Public Toilet Hygiene,negative,2.5,1.3,1.5,4.0,2 दिन,MEDIUM,47
SYN-0317,"इंडस्ट्रियल एरिया का सार्वजनिक शौचालय पूरी तरह चोक है, गंदगी और दुर्गंध से आसपास खड़े रहना भी मुश्किल है।",hi,Sanitation,Public Toilet Hygiene,negative,2.5,1.2,1.5,2.8,1 हफ्ते,MEDIUM,47
SYN-0318,"मुरार कॉलोनी में पिछले 6 घंटे से कचरा पेटी खाली नहीं की गई है, सड़ा हुआ कूड़ा सड़क पर बिखर गया है और आवारा कुत्ते घूम रहे हैं।",hi,Garbage/Waste,Overflowing Dumpster,negative,3.0,1.4,1.8,3.4,6 घंटे,MEDIUM,60
SYN-0319,"वीआईपी रोड में पिछले 4 दिन से कचरा पेटी खाली नहीं की गई है, सड़ा हुआ कूड़ा सड़क पर बिखर गया है और आवारा कुत्ते घूम रहे हैं।",hi,Garbage/Waste,Overflowing Dumpster,negative,3.0,2.8,1.8,3.5,4 दिन,MEDIUM,55
SYN-0320,"सिटी सेंटर में सड़क किनारे 2 दिन से मृत पशु पड़ा सड़ रहा है, तीव्र दुर्गंध से सांस लेना मुश्किल है।",hi,Garbage/Waste,Dead Animal Removal,very_negative,4.0,4.5,3.2,4.1,4 दिन,HIGH,78
SYN-0321,"वीआईपी रोड में सड़क किनारे 2 दिन से मृत पशु पड़ा सड़ रहा है, तीव्र दुर्गंध से सांस लेना मुश्किल है।",hi,Garbage/Waste,Dead Animal Removal,very_negative,4.0,3.3,3.2,2.9,4 दिन,HIGH,77
SYN-0322,इंडस्ट्रियल एरिया में ग्रीन बेल्ट पर अवैध रूप से भारी मात्रा में मलबा और प्लास्टिक कचरा फेंक दिया गया है।,hi,Garbage/Waste,Littering / Debris,negative,2.0,1.6,1.0,3.9,1 हफ्ते,LOW,36
SYN-0323,सदर बाजार में ग्रीन बेल्ट पर अवैध रूप से भारी मात्रा में मलबा और प्लास्टिक कचरा फेंक दिया गया है।,hi,Garbage/Waste,Littering / Debris,negative,2.0,2.3,1.0,3.5,2 दिन,LOW,39
SYN-0324,"इंडस्ट्रियल एरिया में पिछले 2 दिन से पूरी सड़क की स्ट्रीट लाइटें बंद हैं, शाम होते ही घना अंधेरा छा जाता है जिससे अपराध का खतरा है।",hi,Streetlights,Broken Bulb / Dark Street,negative,3.2,1.3,2.2,1.0,2 दिन,MEDIUM,62
SYN-0325,"गांधी नगर ब्लॉक बी में पिछले 2 दिन से पूरी सड़क की स्ट्रीट लाइटें बंद हैं, शाम होते ही घना अंधेरा छा जाता है जिससे अपराध का खतरा है।",hi,Streetlights,Broken Bulb / Dark Street,negative,3.2,1.8,2.2,1.1,2 दिन,MEDIUM,63
SYN-0326,"महाराज बाड़ा में खंभे के नीचे का जंक्शन बॉक्स खुला है, नंगे बिजली के तार बाहर निकले हैं जहां बच्चे खेलते हैं।",hi,Streetlights,Exposed Streetlight Wire,very_negative,4.4,3.2,4.2,0.6,2 दिन,CRITICAL,88
SYN-0327,"सदर बाजार में खंभे के नीचे का जंक्शन बॉक्स खुला है, नंगे बिजली के तार बाहर निकले हैं जहां बच्चे खेलते हैं।",hi,Streetlights,Exposed Streetlight Wire,very_negative,4.4,3.2,4.2,0.6,2 हफ्ते,CRITICAL,88
SYN-0328,सिटी सेंटर में स्ट्रीट लाइट का लोहे का खंभा झुक गया है और सड़क पर गिर सकता है।,hi,Streetlights,Damaged Pole,very_negative,3.5,4.2,2.8,1.8,1 हफ्ते,HIGH,65
SYN-0329,रेलवे स्टेशन रोड में स्ट्रीट लाइट का लोहे का खंभा झुक गया है और सड़क पर गिर सकता है।,hi,Streetlights,Damaged Pole,very_negative,3.5,3.1,2.8,1.4,6 घंटे,HIGH,66
SYN-0330,लश्कर आउटर रिंग रोड में हिट एंड रन: तेज रफ्तार काली गाड़ी ने पैदल यात्री को जोरदार टक्कर मारी और भाग गई। व्यक्ति सड़क पर गंभीर घायल पड़ा है।,hi,Public Safety,Hit-and-Run,very_negative,4.8,3.4,4.8,1.1,24 घंटे,CRITICAL,96
SYN-0331,आनंद नगर में हिट एंड रन: तेज रफ्तार काली गाड़ी ने पैदल यात्री को जोरदार टक्कर मारी और भाग गई। व्यक्ति सड़क पर गंभीर घायल पड़ा है।,hi,Public Safety,Hit-and-Run,very_negative,4.8,4.3,4.8,1.9,24 घंटे,CRITICAL,96
SYN-0332,"आनंद नगर में रासायनिक गोदाम में भीषण आग लग गई है, ऊंची लपटें और जहरीला धुआं घरों में घुस रहा है।",hi,Public Safety,Fire Emergency,very_negative,4.9,3.9,4.9,1.4,2 घंटे,CRITICAL,98
SYN-0333,"वार्ड 12 सरकारी स्कूल के पास में रासायनिक गोदाम में भीषण आग लग गई है, ऊंची लपटें और जहरीला धुआं घरों में घुस रहा है।",hi,Public Safety,Fire Emergency,very_negative,4.9,4.1,4.9,0.7,24 घंटे,CRITICAL,98
SYN-0334,वीआईपी रोड में शाम 8 बजे बाइक सवार दो अज्ञात बदमाशों ने तमंचे की नोक पर महिला से चेन और बैग लूट लिया।,hi,Public Safety,Theft / Robbery,very_negative,4.2,3.5,4.0,1.6,6 घंटे,CRITICAL,85
SYN-0335,लश्कर आउटर रिंग रोड में शाम 8 बजे बाइक सवार दो अज्ञात बदमाशों ने तमंचे की नोक पर महिला से चेन और बैग लूट लिया।,hi,Public Safety,Theft / Robbery,very_negative,4.2,3.7,4.0,1.9,2 दिन,CRITICAL,85
SYN-0336,"रेलवे स्टेशन रोड में पागल आवारा कुत्तों का झुंड लोगों पर हमला कर रहा है, आज 3 बच्चों को बुरी तरह काट लिया है।",hi,Public Safety,Dangerous Stray Animal,very_negative,4.0,4.2,3.8,0.7,2 हफ्ते,HIGH,76
SYN-0337,"मुरार कॉलोनी में पागल आवारा कुत्तों का झुंड लोगों पर हमला कर रहा है, आज 3 बच्चों को बुरी तरह काट लिया है।",hi,Public Safety,Dangerous Stray Animal,very_negative,4.0,3.7,3.8,1.8,2 हफ्ते,HIGH,78
SYN-0338,"सिटी सेंटर में बरसाती नाला चोक होने से 3 फीट गंदा पानी 30 से अधिक घरों के अंदर घुस गया है, संपत्ति बर्बाद हो रही है।",hi,Drainage,Monsoon Flooding,very_negative,4.2,4.8,3.5,2.5,4 दिन,CRITICAL,85
SYN-0339,"इंडस्ट्रियल एरिया में बरसाती नाला चोक होने से 3 फीट गंदा पानी 30 से अधिक घरों के अंदर घुस गया है, संपत्ति बर्बाद हो रही है।",hi,Drainage,Monsoon Flooding,very_negative,4.2,3.9,3.5,2.5,4 दिन,CRITICAL,85
SYN-0340,"महाराज बाड़ा में पुलिया के नीचे नाला प्लास्टिक और कचरे से पूरी तरह पट गया है, पानी सड़क के ऊपर से बह रहा है।",hi,Drainage,Blocked Culvert,negative,3.0,2.0,2.0,3.6,1 हफ्ते,MEDIUM,58
SYN-0341,"हजीरा सर्कल में पुलिया के नीचे नाला प्लास्टिक और कचरे से पूरी तरह पट गया है, पानी सड़क के ऊपर से बह रहा है।",hi,Drainage,Blocked Culvert,negative,3.0,1.4,2.0,4.3,2 घंटे,MEDIUM,59
SYN-0342,सदर बाजार के पार्क में बच्चों का लोहे का झूला टूट गया है और धारदार पत्ती निकली हुई है जिससे बच्चे को गहरा घाव लगा।,hi,Parks,Broken Swings / Playground,very_negative,3.8,3.0,3.2,0.6,2 घंटे,HIGH,74
SYN-0343,सिटी सेंटर के पार्क में बच्चों का लोहे का झूला टूट गया है और धारदार पत्ती निकली हुई है जिससे बच्चे को गहरा घाव लगा।,hi,Parks,Broken Swings / Playground,very_negative,3.8,3.6,3.2,1.1,1 हफ्ते,HIGH,71
SYN-0344,सिटी सेंटर के सार्वजनिक पार्क में बेंच टूटी पड़ी हैं और वॉकिंग ट्रैक की टाइलें उखड़ गई हैं।,hi,Parks,Damaged Bench / Walking Track,negative,1.2,2.1,0.5,0.9,24 घंटे,LOW,24
SYN-0345,गांधी नगर ब्लॉक बी के सार्वजनिक पार्क में बेंच टूटी पड़ी हैं और वॉकिंग ट्रैक की टाइलें उखड़ गई हैं।,hi,Parks,Damaged Bench / Walking Track,negative,1.2,1.2,0.5,1.9,1 हफ्ते,LOW,23
SYN-0346,"सेक्टर 14 मार्केट चौक के पार्क में बड़ी-बड़ी घास और झाड़ियां उग आई हैं, सांप-बिच्छू निकलने का डर है।",hi,Parks,Overgrown Grass,negative,1.5,1.1,0.8,1.6,6 घंटे,LOW,26
SYN-0347,"महाराज बाड़ा के पार्क में बड़ी-बड़ी घास और झाड़ियां उग आई हैं, सांप-बिच्छू निकलने का डर है।",hi,Parks,Overgrown Grass,negative,1.5,2.4,0.8,1.6,2 घंटे,LOW,28
SYN-0348,"सिटी सेंटर के प्राथमिक स्वास्थ्य केंद्र में इमरजेंसी में कोई डॉक्टर उपस्थित नहीं है, सड़क हादसे का मरीज तड़प रहा है।",hi,Healthcare,Hospital Emergency / No Doctor,very_negative,4.8,4.4,4.8,3.8,4 दिन,CRITICAL,95
SYN-0349,"गांधी नगर ब्लॉक बी के प्राथमिक स्वास्थ्य केंद्र में इमरजेंसी में कोई डॉक्टर उपस्थित नहीं है, सड़क हादसे का मरीज तड़प रहा है।",hi,Healthcare,Hospital Emergency / No Doctor,very_negative,4.8,3.6,4.8,4.1,24 घंटे,CRITICAL,95
SYN-0350,"रेलवे स्टेशन रोड में रुके हुए पानी से 15 से ज्यादा लोग डेंगू और मलेरिया से पीड़ित हैं, तुरंत फागिंग कराई जाए।",hi,Healthcare,Disease Outbreak / Dengue,very_negative,4.0,3.9,3.5,4.3,2 दिन,HIGH,80
SYN-0351,"मुरार कॉलोनी में रुके हुए पानी से 15 से ज्यादा लोग डेंगू और मलेरिया से पीड़ित हैं, तुरंत फागिंग कराई जाए।",hi,Healthcare,Disease Outbreak / Dengue,very_negative,4.0,4.0,3.5,2.6,2 दिन,HIGH,76
SYN-0352,"थाटीपुर चौराहा के सरकारी दवा केंद्र में आवश्यक दवाएं और ओआरएस उपलब्ध नहीं हैं, गरीब मरीज परेशान हैं।",hi,Healthcare,Medicine Shortage,negative,2.5,1.0,1.8,3.1,4 दिन,MEDIUM,50
SYN-0353,"सिटी सेंटर के सरकारी दवा केंद्र में आवश्यक दवाएं और ओआरएस उपलब्ध नहीं हैं, गरीब मरीज परेशान हैं।",hi,Healthcare,Medicine Shortage,negative,2.5,1.4,1.8,3.3,24 घंटे,MEDIUM,49
SYN-0354,"हजीरा सर्कल के बाजार में सिटी बस चालक अत्यधिक तेज गति और लापरवाही से गाड़ी चला रहा है, बड़ा हादसा हो सकता है।",hi,Public Transport,Rash Driving,very_negative,3.5,4.5,3.0,3.9,2 घंटे,HIGH,70
SYN-0355,"मुरार कॉलोनी के बाजार में सिटी बस चालक अत्यधिक तेज गति और लापरवाही से गाड़ी चला रहा है, बड़ा हादसा हो सकता है।",hi,Public Transport,Rash Driving,very_negative,3.5,4.2,3.0,4.2,6 घंटे,HIGH,69
SYN-0356,वार्ड 12 सरकारी स्कूल के पास पर सुबह की नगर बस आए दिन खराब हो जाती है जिससे दैनिक यात्रियों को भारी परेशानी होती है।,hi,Public Transport,Bus Breakdown / Cancelled,negative,2.2,2.1,1.2,2.7,4 दिन,MEDIUM,41
SYN-0357,थाटीपुर चौराहा पर सुबह की नगर बस आए दिन खराब हो जाती है जिससे दैनिक यात्रियों को भारी परेशानी होती है।,hi,Public Transport,Bus Breakdown / Cancelled,negative,2.2,1.1,1.2,3.9,2 दिन,MEDIUM,40
SYN-0358,सेक्टर 14 मार्केट चौक के फ्लाईओवर के जॉइंट में 4 इंच चौड़ी दरार आ गई है और कंक्रीट का मलबा नीचे वाहनों पर गिर रहा है।,hi,Infrastructure,Bridge Crack / Sinking,very_negative,4.7,4.0,4.6,1.4,2 घंटे,CRITICAL,94
SYN-0359,गांधी नगर ब्लॉक बी के फ्लाईओवर के जॉइंट में 4 इंच चौड़ी दरार आ गई है और कंक्रीट का मलबा नीचे वाहनों पर गिर रहा है।,hi,Infrastructure,Bridge Crack / Sinking,very_negative,4.7,4.2,4.6,1.6,2 दिन,CRITICAL,94
SYN-0360,सदर बाजार में भारी बारिश के बाद स्कूल की 10 फीट ऊंची चारदीवारी झुक गई है और किसी भी समय गिर सकती है।,hi,Infrastructure,Boundary Wall Collapse,very_negative,4.0,4.2,3.8,0.5,24 घंटे,HIGH,80
SYN-0361,सिटी सेंटर में भारी बारिश के बाद स्कूल की 10 फीट ऊंची चारदीवारी झुक गई है और किसी भी समय गिर सकती है।,hi,Infrastructure,Boundary Wall Collapse,very_negative,4.0,4.5,3.8,1.8,24 घंटे,HIGH,79
SYN-0362,वार्ड 12 सरकारी स्कूल के पास के पास रासायनिक फैक्ट्री रात 11 बजे के बाद जहरीला काला धुआं छोड़ती है जिससे लोगों का दम घुट रहा है।,hi,Environment,Industrial Air Pollution,very_negative,3.8,3.3,3.2,0.8,2 घंटे,HIGH,72
SYN-0363,मुरार कॉलोनी के पास रासायनिक फैक्ट्री रात 11 बजे के बाद जहरीला काला धुआं छोड़ती है जिससे लोगों का दम घुट रहा है।,hi,Environment,Industrial Air Pollution,very_negative,3.8,4.2,3.2,1.3,2 दिन,HIGH,71
SYN-0364,रेलवे स्टेशन रोड में आवासीय फ्लैट्स के नीचे अवैध तेज आवाज वाला जनरेटर 24 घंटे चल रहा है जिससे ध्वनि प्रदूषण हो रहा है।,hi,Environment,Severe Noise Pollution,negative,2.2,2.0,1.2,0.8,2 हफ्ते,MEDIUM,43
SYN-0365,सिटी सेंटर में आवासीय फ्लैट्स के नीचे अवैध तेज आवाज वाला जनरेटर 24 घंटे चल रहा है जिससे ध्वनि प्रदूषण हो रहा है।,hi,Environment,Severe Noise Pollution,negative,2.2,1.2,1.2,1.3,24 घंटे,MEDIUM,44
SYN-0366,सदर बाजार नगर निगम कार्यालय में जन्म प्रमाण पत्र का आवेदन 45 दिन से बिना किसी कारण के अटका हुआ है।,hi,Other,Certificate Delay,negative,1.5,1.6,0.5,1.9,4 दिन,LOW,26
SYN-0367,रेलवे स्टेशन रोड नगर निगम कार्यालय में जन्म प्रमाण पत्र का आवेदन 45 दिन से बिना किसी कारण के अटका हुआ है।,hi,Other,Certificate Delay,negative,1.5,2.1,0.5,1.6,2 हफ्ते,LOW,28
SYN-0368,"इंडस्ट्रियल एरिया में फुटपाथ पर अवैध रूप से दुकानें लगाकर रास्ता रोक लिया गया है, पैदल चलने वालों को सड़क पर चलना पड़ रहा है।",hi,Other,Encroachment,negative,2.2,1.8,1.0,0.7,2 हफ्ते,MEDIUM,44
SYN-0369,"सदर बाजार में फुटपाथ पर अवैध रूप से दुकानें लगाकर रास्ता रोक लिया गया है, पैदल चलने वालों को सड़क पर चलना पड़ रहा है।",hi,Other,Encroachment,negative,2.2,1.6,1.0,0.8,6 घंटे,MEDIUM,43
SYN-0370,"Kampoo Road ke paas main water line phoot gayi hai, bohot zyada drinking water waste ho raha hai aur waterlogging ho gayi.",hinglish,Water Supply,Pipeline Rupture,negative,4.2,2.7,2.8,2.5,2 weeks,CRITICAL,85
SYN-0371,"Hazira Circle ke paas main water line phoot gayi hai, bohot zyada drinking water waste ho raha hai aur waterlogging ho gayi.",hinglish,Water Supply,Pipeline Rupture,negative,4.2,4.0,2.8,3.5,2 weeks,CRITICAL,85
SYN-0372,"Anand Nagar me municipal taps se black dirty water aa raha hai 2 days se, peene layak nahi hai infection ka darr hai.",hinglish,Water Supply,Contaminated Water,negative,4.0,3.5,3.2,4.0,2 days,CRITICAL,80
SYN-0373,"Kampoo Road me municipal taps se black dirty water aa raha hai 24 hours se, peene layak nahi hai infection ka darr hai.",hinglish,Water Supply,Contaminated Water,negative,4.0,3.0,3.2,3.4,24 hours,CRITICAL,80
SYN-0374,"Maharaj Bada me 2 days se bilkul paani nahi aaya, residents are buying private water tankers at high price.",hinglish,Water Supply,No Supply / Low Pressure,negative,3.0,3.5,1.5,2.9,2 days,HIGH,55
SYN-0375,"Industrial Area Sector 3 me 4 days se bilkul paani nahi aaya, residents are buying private water tankers at high price.",hinglish,Water Supply,No Supply / Low Pressure,negative,3.0,3.6,1.5,3.6,4 days,HIGH,60
SYN-0376,"Maharaj Bada me water tanker dispatch nahi hua, public pareshan hai paani ke bina.",hinglish,Water Supply,Tanker Issue,negative,2.2,2.6,1.0,2.1,2 days,MEDIUM,42
SYN-0377,"VIP Road near Airport me water tanker dispatch nahi hua, public pareshan hai paani ke bina.",hinglish,Water Supply,Tanker Issue,negative,2.2,2.7,1.0,2.2,24 hours,MEDIUM,43
SYN-0378,"Kampoo Road me school ke samne live high tension wire gir gaya hai, continuously spark ho raha hai bada current lag sakta hai.",hinglish,Electricity,Live Wire / Sparking,negative,4.8,4.0,4.8,3.9,2 days,CRITICAL,95
SYN-0379,"Subhash Nagar Park Road me school ke samne live high tension wire gir gaya hai, continuously spark ho raha hai bada current lag sakta hai.",hinglish,Electricity,Live Wire / Sparking,negative,4.8,2.6,4.8,3.4,4 days,CRITICAL,95
SYN-0380,"Anand Nagar me transformer blast ho gaya aur aag lag gayi hai, immediate electricity cut aur fire brigade chahiye.",hinglish,Electricity,Transformer Failure,negative,4.6,4.0,4.5,3.6,24 hours,CRITICAL,92
SYN-0381,"City Center Phase 2 me transformer blast ho gaya aur aag lag gayi hai, immediate electricity cut aur fire brigade chahiye.",hinglish,Electricity,Transformer Failure,negative,4.6,2.6,4.5,3.4,6 hours,CRITICAL,92
SYN-0382,"Thatipur Main Crossing me 1 week se light gayab hai, blackout chal raha hai transformer repair nahi hua.",hinglish,Electricity,Power Outage / Blackout,negative,3.2,4.1,1.8,2.5,1 week,HIGH,65
SYN-0383,"Govindpuri Lane 4 me 2 hours se light gayab hai, blackout chal raha hai transformer repair nahi hua.",hinglish,Electricity,Power Outage / Blackout,negative,3.2,3.9,1.8,3.4,2 hours,HIGH,64
SYN-0384,Subhash Nagar Park Road me severe voltage fluctuation ho raha hai appliances jal rahe hain.,hinglish,Electricity,Voltage Fluctuation,negative,2.8,3.6,2.0,3.1,4 days,MEDIUM,54
SYN-0385,Kampoo Road me severe voltage fluctuation ho raha hai appliances jal rahe hain.,hinglish,Electricity,Voltage Fluctuation,negative,2.8,3.8,2.0,3.0,24 hours,MEDIUM,52
SYN-0386,"Kampoo Road me road cave in ho gayi hai bohot bada crater ban gaya, kal raat 2 log gir kar hospital pahunch gaye.",hinglish,Roads,Collapsed Road / Crater,negative,4.4,3.5,4.2,2.2,2 weeks,CRITICAL,88
SYN-0387,"Railway Station Road me road cave in ho gayi hai bohot bada crater ban gaya, kal raat 2 log gir kar hospital pahunch gaye.",hinglish,Roads,Collapsed Road / Crater,negative,4.4,2.8,4.2,3.8,24 hours,CRITICAL,88
SYN-0388,"Ward 12 Primary School Road me road pe bohot saare dangerous potholes hain, heavy traffic jam aur daily accidents ho rahe hain.",hinglish,Roads,Dangerous Pothole,negative,3.5,3.0,2.5,3.0,24 hours,HIGH,65
SYN-0389,"VIP Road near Airport me road pe bohot saare dangerous potholes hain, heavy traffic jam aur daily accidents ho rahe hain.",hinglish,Roads,Dangerous Pothole,negative,3.5,3.0,2.5,3.1,2 hours,HIGH,66
SYN-0390,"VIP Road near Airport me divider toota hua hai, wrong side driving ho rahi hai crash hone ka risk hai.",hinglish,Roads,Broken Divider,negative,2.8,2.8,2.0,3.0,6 hours,MEDIUM,51
SYN-0391,"Ward 12 Primary School Road me divider toota hua hai, wrong side driving ho rahi hai crash hone ka risk hai.",hinglish,Roads,Broken Divider,negative,2.8,3.5,2.0,2.4,4 days,MEDIUM,52
SYN-0392,"Subhash Nagar Park Road me road khod ke chhod diya hai contractor ne, gravel spread hai bikes skid ho rahi hain.",hinglish,Roads,Open Trench / Debris,negative,3.0,3.9,2.2,3.6,1 week,MEDIUM,55
SYN-0393,"Maharaj Bada me road khod ke chhod diya hai contractor ne, gravel spread hai bikes skid ho rahi hain.",hinglish,Roads,Open Trench / Debris,negative,3.0,3.6,2.2,3.0,24 hours,MEDIUM,60
SYN-0394,"Morar Colony me market ke footpath pe open sewer manhole hai bina kisi cover ke, bacche gir sakte hain.",hinglish,Sanitation,Open Manhole,negative,4.6,4.0,4.5,2.6,24 hours,CRITICAL,92
SYN-0395,"City Center Phase 2 me market ke footpath pe open sewer manhole hai bina kisi cover ke, bacche gir sakte hain.",hinglish,Sanitation,Open Manhole,negative,4.6,2.9,4.5,2.5,6 hours,CRITICAL,92
SYN-0396,"Maharaj Bada me sewer overflow ho raha hai 2 weeks se, footpath aur road gande paani se bhari hai.",hinglish,Sanitation,Sewage Overflow,negative,3.8,4.1,3.0,3.7,2 weeks,HIGH,75
SYN-0397,"VIP Road near Airport me sewer overflow ho raha hai 2 weeks se, footpath aur road gande paani se bhari hai.",hinglish,Sanitation,Sewage Overflow,negative,3.8,4.2,3.0,2.1,2 weeks,HIGH,70
SYN-0398,"Govindpuri Lane 4 me public toilet condition is extremely unhygienic, no water in taps.",hinglish,Sanitation,Public Toilet Hygiene,negative,2.5,3.0,1.5,2.5,4 days,MEDIUM,47
SYN-0399,"Hazira Circle me public toilet condition is extremely unhygienic, no water in taps.",hinglish,Sanitation,Public Toilet Hygiene,negative,2.5,3.0,1.5,3.4,6 hours,MEDIUM,45
SYN-0400,"Railway Station Road me 24 hours se kooda nahi uthaya gaya, pura garbage open road pe spread hai aur smell aa rahi hai.",hinglish,Garbage/Waste,Overflowing Dumpster,negative,3.0,3.2,1.8,3.4,24 hours,MEDIUM,55
SYN-0401,"Patel Nagar Bus Stand me 4 days se kooda nahi uthaya gaya, pura garbage open road pe spread hai aur smell aa rahi hai.",hinglish,Garbage/Waste,Overflowing Dumpster,negative,3.0,3.9,1.8,2.7,4 days,MEDIUM,58
SYN-0402,"Fort View Enclave me dead animal pada hua hai 2 din se, please sanitary squad bhejiye urgently.",hinglish,Garbage/Waste,Dead Animal Removal,negative,4.0,3.1,3.2,3.1,24 hours,HIGH,77
SYN-0403,"Gandhi Nagar Block B me dead animal pada hua hai 2 din se, please sanitary squad bhejiye urgently.",hinglish,Garbage/Waste,Dead Animal Removal,negative,4.0,3.9,3.2,3.5,1 week,HIGH,76
SYN-0404,VIP Road near Airport me road side illegal debris and construction waste dump kar diya hai.,hinglish,Garbage/Waste,Littering / Debris,negative,2.0,3.8,1.0,2.5,4 days,LOW,36
SYN-0405,Ward 12 Primary School Road me road side illegal debris and construction waste dump kar diya hai.,hinglish,Garbage/Waste,Littering / Debris,negative,2.0,2.9,1.0,2.8,2 weeks,LOW,39
SYN-0406,"Railway Station Road me complete darkness hai 2 weeks se, street lights nahi jal rahi ladies safe feel nahi karti.",hinglish,Streetlights,Broken Bulb / Dark Street,negative,3.2,4.2,2.2,2.3,2 weeks,MEDIUM,63
SYN-0407,"Industrial Area Sector 3 me complete darkness hai 1 week se, street lights nahi jal rahi ladies safe feel nahi karti.",hinglish,Streetlights,Broken Bulb / Dark Street,negative,3.2,2.9,2.2,2.9,1 week,MEDIUM,61
SYN-0408,"Maharaj Bada me street light pole ke open wires hain low height pe, kisi bache ko current lag sakta hai.",hinglish,Streetlights,Exposed Streetlight Wire,negative,4.4,3.9,4.2,3.6,24 hours,CRITICAL,88
SYN-0409,"Morar Colony me street light pole ke open wires hain low height pe, kisi bache ko current lag sakta hai.",hinglish,Streetlights,Exposed Streetlight Wire,negative,4.4,3.9,4.2,2.2,6 hours,CRITICAL,88
SYN-0410,"Gandhi Nagar Block B me pole tedha ho gaya hai collision ke baad, kabhi bhi road pe crash ho sakta hai.",hinglish,Streetlights,Damaged Pole,negative,3.5,3.8,2.8,2.1,24 hours,HIGH,70
SYN-0411,"Civil Hospital Outer Gate me pole tedha ho gaya hai collision ke baad, kabhi bhi road pe crash ho sakta hai.",hinglish,Streetlights,Damaged Pole,negative,3.5,3.6,2.8,2.8,2 days,HIGH,66
SYN-0412,"Ward 12 Primary School Road me hit and run accident hua, car hit a pedestrian and fled toward highway, victim injured bleeding heavily.",hinglish,Public Safety,Hit-and-Run,negative,4.8,3.2,4.8,2.0,24 hours,CRITICAL,96
SYN-0413,"Maharaj Bada me hit and run accident hua, car hit a pedestrian and fled toward highway, victim injured bleeding heavily.",hinglish,Public Safety,Hit-and-Run,negative,4.8,2.8,4.8,3.0,24 hours,CRITICAL,96
SYN-0414,"Hazira Circle me godown me massive fire lag gayi hai, surrounding buildings evacuate karwani pad rahi hai.",hinglish,Public Safety,Fire Emergency,negative,4.9,3.4,4.9,3.5,2 hours,CRITICAL,98
SYN-0415,"Kampoo Road me godown me massive fire lag gayi hai, surrounding buildings evacuate karwani pad rahi hai.",hinglish,Public Safety,Fire Emergency,negative,4.9,2.9,4.9,3.5,1 week,CRITICAL,98
SYN-0416,"Civil Hospital Outer Gate me gun point robbery hui hai market se aate waqt, police patrolling badhaiye.",hinglish,Public Safety,Theft / Robbery,negative,4.2,2.5,4.0,2.8,2 hours,CRITICAL,85
SYN-0417,"Sector 14 Market Chowk me gun point robbery hui hai market se aate waqt, police patrolling badhaiye.",hinglish,Public Safety,Theft / Robbery,negative,4.2,3.0,4.0,3.8,6 hours,CRITICAL,85
SYN-0418,"Kampoo Road me stray dogs attacking pedestrians, rabies risk hai dog catcher team bhejiye.",hinglish,Public Safety,Dangerous Stray Animal,negative,4.0,3.4,3.8,2.8,2 days,HIGH,80
SYN-0419,"Subhash Nagar Park Road me stray dogs attacking pedestrians, rabies risk hai dog catcher team bhejiye.",hinglish,Public Safety,Dangerous Stray Animal,negative,4.0,2.6,3.8,2.8,24 hours,HIGH,80
SYN-0420,"Patel Nagar Bus Stand me drainage blocked hai, 3 feet water logging ho gayi hai aur water gharon me enter kar raha hai.",hinglish,Drainage,Monsoon Flooding,negative,4.2,2.9,3.5,3.5,2 hours,CRITICAL,85
SYN-0421,"Civil Hospital Outer Gate me drainage blocked hai, 3 feet water logging ho gayi hai aur water gharon me enter kar raha hai.",hinglish,Drainage,Monsoon Flooding,negative,4.2,4.2,3.5,2.0,4 days,CRITICAL,85
SYN-0422,Subhash Nagar Park Road me culvert choked hone se water logging ho rahi hai roads pe.,hinglish,Drainage,Blocked Culvert,negative,3.0,3.0,2.0,2.9,6 hours,MEDIUM,55
SYN-0423,Anand Nagar me culvert choked hone se water logging ho rahi hai roads pe.,hinglish,Drainage,Blocked Culvert,negative,3.0,3.6,2.0,2.8,2 days,MEDIUM,60
SYN-0424,Anand Nagar ke park me swings broken hain aur rusted iron exposed hai jo dangerous hai kids ke liye.,hinglish,Parks,Broken Swings / Playground,negative,3.8,2.8,3.2,3.6,6 hours,HIGH,70
SYN-0425,Patel Nagar Bus Stand ke park me swings broken hain aur rusted iron exposed hai jo dangerous hai kids ke liye.,hinglish,Parks,Broken Swings / Playground,negative,3.8,4.2,3.2,3.7,24 hours,HIGH,75
SYN-0426,Subhash Nagar Park Road park me benches tooti hui hain repair chahiye.,hinglish,Parks,Damaged Bench / Walking Track,negative,1.2,3.7,0.5,3.5,4 days,LOW,25
SYN-0427,Kampoo Road park me benches tooti hui hain repair chahiye.,hinglish,Parks,Damaged Bench / Walking Track,negative,1.2,3.7,0.5,3.1,2 hours,LOW,20
SYN-0428,Lashkar Outer Ring Road park me grass cutting nahi hui hai kaafi time se.,hinglish,Parks,Overgrown Grass,negative,1.5,3.6,0.8,2.8,24 hours,LOW,30
SYN-0429,Sector 14 Market Chowk park me grass cutting nahi hui hai kaafi time se.,hinglish,Parks,Overgrown Grass,negative,1.5,2.8,0.8,3.9,1 week,LOW,25
SYN-0430,"Govindpuri Lane 4 ke hospital emergency me koi doctor nahi hai, urgent medical assistance needed.",hinglish,Healthcare,Hospital Emergency / No Doctor,negative,4.8,3.6,4.8,3.7,2 hours,CRITICAL,95
SYN-0431,"Hazira Circle ke hospital emergency me koi doctor nahi hai, urgent medical assistance needed.",hinglish,Healthcare,Hospital Emergency / No Doctor,negative,4.8,3.0,4.8,3.5,24 hours,CRITICAL,95
SYN-0432,"Industrial Area Sector 3 me dengue outbreak ho gaya hai, municipal fogging and larvae spray karwayein.",hinglish,Healthcare,Disease Outbreak / Dengue,negative,4.0,2.7,3.5,3.5,2 weeks,HIGH,79
SYN-0433,"Morar Colony me dengue outbreak ho gaya hai, municipal fogging and larvae spray karwayein.",hinglish,Healthcare,Disease Outbreak / Dengue,negative,4.0,3.1,3.5,2.1,2 hours,HIGH,78
SYN-0434,City Center Phase 2 dispensery me basic medicines out of stock hain pichle 3 weeks se.,hinglish,Healthcare,Medicine Shortage,negative,2.5,4.1,1.8,3.2,24 hours,MEDIUM,48
SYN-0435,Railway Station Road dispensery me basic medicines out of stock hain pichle 3 weeks se.,hinglish,Healthcare,Medicine Shortage,negative,2.5,4.0,1.8,2.8,2 weeks,MEDIUM,46
SYN-0436,Railway Station Road me city bus rash driving kar rahi hai continuously in market area.,hinglish,Public Transport,Rash Driving,negative,3.5,2.6,3.0,3.0,24 hours,HIGH,68
SYN-0437,City Center Phase 2 me city bus rash driving kar rahi hai continuously in market area.,hinglish,Public Transport,Rash Driving,negative,3.5,3.6,3.0,3.4,24 hours,HIGH,70
SYN-0438,"Ward 12 Primary School Road pe daily bus breakdown ho jati hai, route timing irregular hai.",hinglish,Public Transport,Bus Breakdown / Cancelled,negative,2.2,3.0,1.2,3.5,2 days,MEDIUM,43
SYN-0439,"Civil Hospital Outer Gate pe daily bus breakdown ho jati hai, route timing irregular hai.",hinglish,Public Transport,Bus Breakdown / Cancelled,negative,2.2,3.6,1.2,3.6,1 week,MEDIUM,42
SYN-0440,"Lashkar Outer Ring Road flyover bridge joint me severe crack aa gaya hai aur concrete gir raha hai, structural audit chahiye.",hinglish,Infrastructure,Bridge Crack / Sinking,negative,4.7,3.9,4.6,2.2,1 week,CRITICAL,94
SYN-0441,"Maharaj Bada flyover bridge joint me severe crack aa gaya hai aur concrete gir raha hai, structural audit chahiye.",hinglish,Infrastructure,Bridge Crack / Sinking,negative,4.7,3.0,4.6,3.7,2 days,CRITICAL,94
SYN-0442,"VIP Road near Airport me old boundary wall is tilting towards main road, collapse hazard.",hinglish,Infrastructure,Boundary Wall Collapse,negative,4.0,3.5,3.8,2.9,2 hours,HIGH,80
SYN-0443,"Govindpuri Lane 4 me old boundary wall is tilting towards main road, collapse hazard.",hinglish,Infrastructure,Boundary Wall Collapse,negative,4.0,3.9,3.8,2.5,24 hours,HIGH,77
SYN-0444,"Civil Hospital Outer Gate me night time toxic chemical fumes release ho rahe hain industrial area se, breathing difficulty ho rahi hai.",hinglish,Environment,Industrial Air Pollution,negative,3.8,3.6,3.2,4.0,2 days,HIGH,75
SYN-0445,"Sadar Bazaar Main Gali me night time toxic chemical fumes release ho rahe hain industrial area se, breathing difficulty ho rahi hai.",hinglish,Environment,Industrial Air Pollution,negative,3.8,2.6,3.2,2.2,2 days,HIGH,73
SYN-0446,Ward 12 Primary School Road me heavy noise pollution ho raha hai illegal commercial generator se.,hinglish,Environment,Severe Noise Pollution,negative,2.2,3.0,1.2,2.0,4 days,MEDIUM,40
SYN-0447,Sadar Bazaar Main Gali me heavy noise pollution ho raha hai illegal commercial generator se.,hinglish,Environment,Severe Noise Pollution,negative,2.2,3.9,1.2,2.1,6 hours,MEDIUM,41
SYN-0448,Hazira Circle municipal ward office me birth certificate issue nahi kar rahe 45 days se.,hinglish,Other,Certificate Delay,negative,1.5,3.6,0.5,3.1,6 hours,LOW,25
SYN-0449,Maharaj Bada municipal ward office me birth certificate issue nahi kar rahe 45 days se.,hinglish,Other,Certificate Delay,negative,1.5,2.6,0.5,3.9,2 days,LOW,26
SYN-0450,Hazira Circle me complete footpath encroachment ho gaya hai illegal shops se.,hinglish,Other,Encroachment,negative,2.2,3.9,1.0,2.2,24 hours,MEDIUM,43
SYN-0451,Civil Hospital Outer Gate me complete footpath encroachment ho gaya hai illegal shops se.,hinglish,Other,Encroachment,negative,2.2,4.2,1.0,3.1,4 days,MEDIUM,44
SYN-0452,"Mian water pipline bursted near Ward 12 Primary School Road, clean watr wasting on road.",en,Water Supply,Pipeline Rupture,negative,4.2,2.9,2.8,2.2,1 week,CRITICAL,85
SYN-0453,"Mian water pipline bursted near Govindpuri Lane 4, clean watr wasting on road.",en,Water Supply,Pipeline Rupture,negative,4.2,2.0,2.8,2.0,2 hours,CRITICAL,85
SYN-0454,Drity stinking watr comming in house taps at Industrial Area Sector 3 since 2 days.,en,Water Supply,Contaminated Water,negative,4.0,3.8,3.2,1.9,2 days,CRITICAL,80
SYN-0455,Drity stinking watr comming in house taps at Subhash Nagar Park Road since 24 hours.,en,Water Supply,Contaminated Water,negative,4.0,2.8,3.2,2.9,24 hours,CRITICAL,80
SYN-0456,"No watr supply in City Center Phase 2 for 1 week, please restrore.",en,Water Supply,No Supply / Low Pressure,negative,3.0,2.6,1.5,1.9,1 week,HIGH,57
SYN-0457,"No watr supply in VIP Road near Airport for 6 hours, please restrore.",en,Water Supply,No Supply / Low Pressure,negative,3.0,3.4,1.5,2.0,6 hours,HIGH,60
SYN-0458,Watr tanker did not arive at Civil Hospital Outer Gate.,en,Water Supply,Tanker Issue,negative,2.2,3.0,1.0,2.6,2 weeks,MEDIUM,40
SYN-0459,Watr tanker did not arive at Maharaj Bada.,en,Water Supply,Tanker Issue,negative,2.2,3.8,1.0,3.2,1 week,MEDIUM,45
SYN-0460,"Liev electrc wire hanging near school in VIP Road near Airport, dangrous spark.",en,Electricity,Live Wire / Sparking,negative,4.8,2.5,4.8,3.5,2 weeks,CRITICAL,95
SYN-0461,"Liev electrc wire hanging near school in Kampoo Road, dangrous spark.",en,Electricity,Live Wire / Sparking,negative,4.8,3.1,4.8,3.1,6 hours,CRITICAL,95
SYN-0462,Transfomer blased and burnig in Gandhi Nagar Block B.,en,Electricity,Transformer Failure,negative,4.6,2.4,4.5,2.2,6 hours,CRITICAL,92
SYN-0463,Transfomer blased and burnig in Thatipur Main Crossing.,en,Electricity,Transformer Failure,negative,4.6,3.5,4.5,1.6,2 weeks,CRITICAL,92
SYN-0464,Total power cut in Sadar Bazaar Main Gali since 4 days.,en,Electricity,Power Outage / Blackout,negative,3.2,3.5,1.8,3.2,4 days,HIGH,63
SYN-0465,Total power cut in Fort View Enclave since 6 hours.,en,Electricity,Power Outage / Blackout,negative,3.2,2.2,1.8,1.7,6 hours,HIGH,61
SYN-0466,Voltge fluctuation damging electronics in VIP Road near Airport.,en,Electricity,Voltage Fluctuation,negative,2.8,3.5,2.0,3.1,1 week,MEDIUM,50
SYN-0467,Voltge fluctuation damging electronics in Ward 12 Primary School Road.,en,Electricity,Voltage Fluctuation,negative,2.8,2.2,2.0,1.9,2 days,MEDIUM,52
SYN-0468,"Deep crator on mein road at Govindpuri Lane 4, pepole faling.",en,Roads,Collapsed Road / Crater,negative,4.4,3.5,4.2,3.1,2 days,CRITICAL,88
SYN-0469,"Deep crator on mein road at Maharaj Bada, pepole faling.",en,Roads,Collapsed Road / Crater,negative,4.4,2.4,4.2,3.2,24 hours,CRITICAL,88
SYN-0470,Hug pothole on turn at Anand Nagar repare immidiately.,en,Roads,Dangerous Pothole,negative,3.5,3.4,2.5,3.1,2 weeks,HIGH,69
SYN-0471,Hug pothole on turn at Morar Colony repare immidiately.,en,Roads,Dangerous Pothole,negative,3.5,2.4,2.5,3.1,2 weeks,HIGH,70
SYN-0472,Brokn devider in Hazira Circle.,en,Roads,Broken Divider,negative,2.8,3.0,2.0,2.2,6 hours,MEDIUM,54
SYN-0473,Brokn devider in VIP Road near Airport.,en,Roads,Broken Divider,negative,2.8,2.9,2.0,1.8,24 hours,MEDIUM,51
SYN-0474,Open trnch on road side in Lashkar Outer Ring Road.,en,Roads,Open Trench / Debris,negative,3.0,2.9,2.2,1.9,1 week,MEDIUM,56
SYN-0475,Open trnch on road side in City Center Phase 2.,en,Roads,Open Trench / Debris,negative,3.0,3.7,2.2,1.8,1 week,MEDIUM,58
SYN-0476,Opn sewer manhol on footpath in Subhash Nagar Park Road dangreous.,en,Sanitation,Open Manhole,negative,4.6,2.5,4.5,2.0,4 days,CRITICAL,92
SYN-0477,Opn sewer manhol on footpath in Morar Colony dangreous.,en,Sanitation,Open Manhole,negative,4.6,3.0,4.5,3.3,1 week,CRITICAL,92
SYN-0478,Sewge ovrflow on road at Railway Station Road for 2 hours.,en,Sanitation,Sewage Overflow,negative,3.8,2.8,3.0,2.1,2 hours,HIGH,75
SYN-0479,Sewge ovrflow on road at Sector 14 Market Chowk for 2 weeks.,en,Sanitation,Sewage Overflow,negative,3.8,3.3,3.0,3.5,2 weeks,HIGH,71
SYN-0480,Publc tolet dirty and choked at Sector 14 Market Chowk.,en,Sanitation,Public Toilet Hygiene,negative,2.5,2.9,1.5,2.5,1 week,MEDIUM,46
SYN-0481,Publc tolet dirty and choked at Industrial Area Sector 3.,en,Sanitation,Public Toilet Hygiene,negative,2.5,3.2,1.5,2.5,2 days,MEDIUM,49
SYN-0482,Garbg not picked up from Civil Hospital Outer Gate for 1 week.,en,Garbage/Waste,Overflowing Dumpster,negative,3.0,2.5,1.8,2.9,1 week,MEDIUM,60
SYN-0483,Garbg not picked up from Maharaj Bada for 2 days.,en,Garbage/Waste,Overflowing Dumpster,negative,3.0,3.5,1.8,2.1,2 days,MEDIUM,57
SYN-0484,Ded animl on roadside at Govindpuri Lane 4.,en,Garbage/Waste,Dead Animal Removal,negative,4.0,3.0,3.2,2.6,24 hours,HIGH,75
SYN-0485,Ded animl on roadside at Hazira Circle.,en,Garbage/Waste,Dead Animal Removal,negative,4.0,3.1,3.2,3.1,2 days,HIGH,79
SYN-0486,Illegl dumping of malba in Fort View Enclave.,en,Garbage/Waste,Littering / Debris,negative,2.0,3.5,1.0,1.9,24 hours,LOW,39
SYN-0487,Illegl dumping of malba in Thatipur Main Crossing.,en,Garbage/Waste,Littering / Debris,negative,2.0,2.8,1.0,1.9,24 hours,LOW,37
SYN-0488,Stret lights not workng in Thatipur Main Crossing since 24 hours.,en,Streetlights,Broken Bulb / Dark Street,negative,3.2,3.3,2.2,2.2,24 hours,MEDIUM,62
SYN-0489,Stret lights not workng in Railway Station Road since 2 weeks.,en,Streetlights,Broken Bulb / Dark Street,negative,3.2,3.0,2.2,3.3,2 weeks,MEDIUM,64
SYN-0490,Opn live wire in streetlite pole at Govindpuri Lane 4.,en,Streetlights,Exposed Streetlight Wire,negative,4.4,2.5,4.2,3.0,2 weeks,CRITICAL,88
SYN-0491,Opn live wire in streetlite pole at City Center Phase 2.,en,Streetlights,Exposed Streetlight Wire,negative,4.4,3.5,4.2,3.0,4 days,CRITICAL,88
SYN-0492,Light pole tilted in VIP Road near Airport.,en,Streetlights,Damaged Pole,negative,3.5,3.2,2.8,3.1,2 hours,HIGH,70
SYN-0493,Light pole tilted in Industrial Area Sector 3.,en,Streetlights,Damaged Pole,negative,3.5,2.6,2.8,3.4,2 days,HIGH,69
SYN-0494,"Hit and run accidnt at Sadar Bazaar Main Gali, persn injured, vehicl fled.",en,Public Safety,Hit-and-Run,negative,4.8,2.9,4.8,3.0,2 hours,CRITICAL,96
SYN-0495,"Hit and run accidnt at Railway Station Road, persn injured, vehicl fled.",en,Public Safety,Hit-and-Run,negative,4.8,3.5,4.8,2.4,4 days,CRITICAL,96
SYN-0496,Huge fire blaze in shop at Fort View Enclave urgnt fire truck.,en,Public Safety,Fire Emergency,negative,4.9,2.3,4.9,2.9,2 weeks,CRITICAL,98
SYN-0497,Huge fire blaze in shop at Sector 14 Market Chowk urgnt fire truck.,en,Public Safety,Fire Emergency,negative,4.9,2.8,4.9,2.6,6 hours,CRITICAL,98
SYN-0498,Robbry with weapn in Ward 12 Primary School Road.,en,Public Safety,Theft / Robbery,negative,4.2,3.2,4.0,1.6,2 hours,CRITICAL,85
SYN-0499,Robbry with weapn in Sadar Bazaar Main Gali.,en,Public Safety,Theft / Robbery,negative,4.2,3.8,4.0,2.1,4 days,CRITICAL,85
SYN-0500,Agressiv stray dog biting peple in Sadar Bazaar Main Gali.,en,Public Safety,Dangerous Stray Animal,negative,4.0,3.2,3.8,3.1,24 hours,HIGH,80
